USE db_cinema;

-- Product insertion of data, in two parts, first one is for food.
INSERT INTO product (product_name, price)
VALUES ('Small Popcorn', 30),
       ('Medium Popcorn', 45),
       ('Large Popcorn', 60),
       ('Small Soda', 20),
       ('Medium Soda', 30),
       ('Large Soda', 40),
       ('Hot Dog', 35),
       ('Nachos', 40),
       ('Candy', 25),
       ('Ice Cream', 35),
       ('Pretzel', 30),
       ('Pizza Slice', 50),
       ('Chicken Tenders', 60),
       ('Fries', 35),
       ('Onion Rings', 40),
       ('Movie Ticket', 30),
       ('VIP Movie Ticket', 45);

-- Movies insertion of data, using real movies name and duration.
INSERT INTO movie (movie_name, rating, duration_in_minutes)
VALUES ('The Shawshank Redemption', 'R', 142),
       ('The Godfather', 'R', 175),
       ('The Dark Knight', 'PG-13', 152),
       ('Forrest Gump', 'PG-13', 142),
       ('Inception', 'PG-13', 148),
       ('The Lord of the Rings: The Fellowship of the Ring', 'PG-13', 178),
       ('The Lion King', 'G', 88),
       ('The Matrix', 'R', 136),
       ('Pulp Fiction', 'R', 154),
       ('Fight Club', 'R', 139),
       ('The Lord of the Rings: The Return of the King', 'PG-13', 201),
       ('Star Wars: Episode IV - A New Hope', 'PG', 121),
       ('The Silence of the Lambs', 'R', 118),
       ('Goodfellas', 'R', 146),
       ('The Godfather: Part II', 'R', 202),
       ('The Lord of the Rings: The Two Towers', 'PG-13', 179),
       ('Schindler''s List', 'R', 195),
       ('For a Few Dollars More', 'R', 132),
       ('The Usual Suspects', 'R', 106),
       ('The Prestige', 'PG-13', 130),
       ('American History X', 'R', 119),
       ('Saving Private Ryan', 'R', 169),
       ('Interstellar', 'PG-13', 169),
       ('The Green Mile', 'R', 189),
       ('Se7en', 'R', 127),
       ('Gladiator', 'R', 155),
       ('The Departed', 'R', 151),
       ('The Terminator', 'R', 107),
       ('The Sixth Sense', 'PG-13', 107),
       ('Eternal Sunshine of the Spotless Mind', 'R', 108);

-- Theater insertion of data, we got 10 theater rooms.
INSERT INTO theater (room_number, is_3d, seats, is_vip)
VALUES (1, 1, 100, 0),
       (2, 0, 75, 0),
       (3, 1, 120, 1),
       (4, 0, 90, 0),
       (5, 1, 150, 1),
       (6, 0, 110, 0),
       (7, 1, 200, 1),
       (8, 0, 80, 0),
       (9, 1, 130, 0),
       (10, 0, 100, 1);

-- Customers insertion of data, we use 47 different customers.
INSERT INTO customer (customer_name, date_of_birth)
VALUES ('John Smith', '1995-03-21'),
       ('Sarah Johnson', '1988-06-12'),
       ('David Brown', '1999-09-01'),
       ('Emily Wilson', '1992-12-18'),
       ('Michael Davis', '1991-11-25'),
       ('Jessica Lee', '2002-08-09'),
       ('Matthew Jones', '1989-01-31'),
       ('Olivia Martin', '1994-04-05'),
       ('Aiden Garcia', '1997-02-17'),
       ('Sophia Rodriguez', '1998-04-23'),
       ('William Hernandez', '1987-08-14'),
       ('Isabella Nguyen', '1996-10-07'),
       ('Ethan Chavez', '1999-02-28'),
       ('Mia Wilson', '2003-12-15'),
       ('Daniel Anderson', '1991-07-02'),
       ('Charlotte Perez', '2001-09-30'),
       ('Alexander Turner', '1998-05-10'),
       ('Abigail Reyes', '1995-11-16'),
       ('Anthony Scott', '1990-03-24'),
       ('Victoria Phillips', '1992-04-04'),
       ('Liam Campbell', '1996-05-18'),
       ('Amelia Collins', '1993-08-02'),
       ('Christopher Baker', '2000-12-06'),
       ('Avery Ward', '1998-02-28'),
       ('Madison Mitchell', '1997-06-19'),
       ('Dylan Cooper', '1989-10-11'),
       ('Aria Reed', '2001-03-15'),
       ('Noah Turner', '1992-07-25'),
       ('Sofia Parker', '1994-04-22'),
       ('Elijah Wright', '1988-11-23'),
       ('Avery Green', '1995-02-16'),
       ('Mila Hall', '2002-10-02'),
       ('Carter Scott', '1997-01-09'),
       ('Aurora Adams', '1999-05-21'),
       ('Lucas Evans', '1991-09-12'),
       ('Stella Baker', '1998-08-01'),
       ('Henry Morris', '1994-11-14'),
       ('Leah Cook', '1993-06-26'),
       ('Owen Richardson', '1987-12-07'),
       ('Ellie Cooper', '1996-01-14'),
       ('Jackson Rivera', '2003-07-22'),
       ('Lila Ramirez', '1989-04-26'),
       ('Logan Brooks', '1990-02-08'),
       ('Audrey Collins', '1992-09-03'),
       ('Wyatt Coleman', '1995-04-17'),
       ('Caroline Nelson', '1998-11-30'),
       ('Benjamin Powell', '2000-03-12');

-- Department insertion of data, we use 5 different departments.
INSERT INTO department (department_name, manager_id)
VALUES ('Ticket Sales', NULL),
       ('Returns', NULL),
       ('Usher', NULL),
       ('Food Sales', NULL),
       ('Customer Service', NULL);

-- Employee insertion of data, 30 new employees.
INSERT INTO employee (first_name, last_name, date_of_birth, department_id)
VALUES ('John', 'Doe', '1990-01-01', 2),
       ('Jane', 'Doe', '1992-05-12', 2),
       ('Bob', 'Smith', '1988-09-25', 1),
       ('Alice', 'Johnson', '1994-03-17', 3),
       ('Michael', 'Brown', '1991-11-07', 4),
       ('Emily', 'Wilson', '1989-06-22', 5),
       ('David', 'Jones', '1995-02-14', 1),
       ('Rachel', 'Taylor', '1993-08-03', 1),
       ('Steven', 'Lee', '1990-12-11', 2),
       ('Melissa', 'Garcia', '1987-04-29', 3),
       ('Eric', 'Wang', '1992-10-08', 1),
       ('Grace', 'Kim', '1988-02-19', 4),
       ('Kevin', 'Nguyen', '1991-07-09', 2),
       ('Jessica', 'Chen', '1993-01-23', 3),
       ('Brian', 'Gonzalez', '1994-05-06', 1),
       ('Karen', 'Rodriguez', '1989-09-15', 4),
       ('Andrew', 'Lopez', '1990-03-28', 2),
       ('Samantha', 'Martinez', '1992-11-20', 3),
       ('Christopher', 'Perez', '1988-06-05', 1),
       ('Amanda', 'Sanchez', '1995-01-11', 4),
       ('Ryan', 'Rivera', '1993-07-02', 2),
       ('Michelle', 'Ng', '1991-12-26', 3),
       ('Thomas', 'Tran', '1987-05-13', 1),
       ('Stephanie', 'Gomez', '1994-02-03', 4),
       ('Daniel', 'Reyes', '1992-08-17', 2),
       ('Lauren', 'Hernandez', '1989-12-09', 3),
       ('Nicholas', 'Kim', '1990-04-27', 1),
       ('Taylor', 'Lee', '1993-10-18', 4),
       ('Ashley', 'Choi', '1991-03-07', 2),
       ('William', 'Park', '1988-09-01', 3);

UPDATE department
SET manager_id = 8
WHERE department_name = 'Ticket Sales';

UPDATE department
SET manager_id = 2
WHERE department_name = 'Returns';

UPDATE department
SET manager_id = 3
WHERE department_name = 'Usher';

UPDATE department
SET manager_id = 4
WHERE department_name = 'Food Sales';

UPDATE department
SET manager_id = 5
WHERE department_name = 'Customer Service';

-- Food insertion of data respectively to data in product table.
INSERT INTO food (id, need_cooling, allergy, min_age)
VALUES (1, 0, NULL, 8),
       (2, 0, NULL, 8),
       (3, 0, NULL, 8),
       (4, 0, NULL, 1),
       (5, 0, NULL, 1),
       (6, 0, NULL, 1),
       (7, 0, NULL, 8),
       (8, 0, NULL, 5),
       (9, 0, NULL, 10),
       (10, 1, 'milk', 1),
       (11, 0, NULL, 3),
       (12, 0, NULL, 3),
       (13, 0, NULL, 3),
       (14, 0, NULL, 3),
       (15, 0, NULL, 3);

-- Screen insertion of data, screen each movie once or twice
INSERT INTO screen (screen_time, room_number, movie_id)
VALUES ('2023-03-06 12:00:00', 1, 1),
       ('2023-03-06 15:00:00', 2, 2),
       ('2023-03-06 18:00:00', 3, 3),
       ('2023-03-06 21:00:00', 4, 4),
       ('2023-03-07 12:00:00', 5, 5),
       ('2023-03-07 15:00:00', 6, 6),
       ('2023-03-07 18:00:00', 7, 7),
       ('2023-03-07 21:00:00', 8, 8),
       ('2023-03-08 12:00:00', 9, 9),
       ('2023-03-08 15:00:00', 10, 10),
       ('2023-03-08 18:00:00', 1, 11),
       ('2023-03-08 21:00:00', 2, 12),
       ('2023-03-09 12:00:00', 3, 13),
       ('2023-03-09 15:00:00', 4, 14),
       ('2023-03-09 18:00:00', 5, 15),
       ('2023-03-09 21:00:00', 6, 16),
       ('2023-03-10 12:00:00', 7, 17),
       ('2023-03-10 15:00:00', 8, 18),
       ('2023-03-10 18:00:00', 9, 19),
       ('2023-03-10 21:00:00', 10, 20),
       ('2023-03-11 12:00:00', 1, 21),
       ('2023-03-11 15:00:00', 2, 22),
       ('2023-03-11 18:00:00', 3, 23),
       ('2023-03-11 21:00:00', 4, 24),
       ('2023-03-12 12:00:00', 5, 25),
       ('2023-03-12 15:00:00', 6, 26),
       ('2023-03-12 18:00:00', 7, 27),
       ('2023-03-12 21:00:00', 8, 28),
       ('2023-03-13 12:00:00', 9, 29),
       ('2023-03-13 15:00:00', 10, 30);

-- Tickets insertion of data, notice that a theater is not full.
INSERT INTO ticket(product_id, seat_number, screen_time, room_number)
VALUES (16, 1, '2023-03-06 12:00:00', 1),
       (16, 2, '2023-03-06 12:00:00', 1),
       (16, 3, '2023-03-06 12:00:00', 1),
       (16, 4, '2023-03-06 12:00:00', 1),
       (16, 5, '2023-03-06 12:00:00', 1),
       (16, 6, '2023-03-06 12:00:00', 1),
       (16, 7, '2023-03-06 12:00:00', 1),
       (16, 8, '2023-03-06 12:00:00', 1),
       (16, 9, '2023-03-06 12:00:00', 1),
       (16, 10, '2023-03-06 12:00:00', 1),
       (16, 11, '2023-03-06 12:00:00', 1),
       (16, 12, '2023-03-06 12:00:00', 1),
       (16, 13, '2023-03-06 12:00:00', 1),
       (16, 14, '2023-03-06 12:00:00', 1),
       (16, 15, '2023-03-06 12:00:00', 1),
       (16, 16, '2023-03-06 12:00:00', 1),
       (16, 17, '2023-03-06 12:00:00', 1),
       (16, 18, '2023-03-06 12:00:00', 1),
       (16, 19, '2023-03-06 12:00:00', 1),
       (16, 20, '2023-03-06 12:00:00', 1),
       (16, 21, '2023-03-06 12:00:00', 1),
       (16, 22, '2023-03-06 12:00:00', 1),
       (16, 23, '2023-03-06 12:00:00', 1),
       (16, 24, '2023-03-06 12:00:00', 1),
       (16, 25, '2023-03-06 12:00:00', 1),
       (16, 26, '2023-03-06 12:00:00', 1),
       (16, 27, '2023-03-06 12:00:00', 1),
       (16, 28, '2023-03-06 12:00:00', 1),
       (16, 29, '2023-03-06 12:00:00', 1),
       (16, 30, '2023-03-06 12:00:00', 1),
       (16, 31, '2023-03-06 12:00:00', 1),
       (16, 32, '2023-03-06 12:00:00', 1),
       (16, 33, '2023-03-06 12:00:00', 1),
       (16, 34, '2023-03-06 12:00:00', 1),
       (16, 35, '2023-03-06 12:00:00', 1),
       (16, 36, '2023-03-06 12:00:00', 1),
       (16, 37, '2023-03-06 12:00:00', 1),
       (16, 38, '2023-03-06 12:00:00', 1),
       (16, 39, '2023-03-06 12:00:00', 1),
       (16, 40, '2023-03-06 12:00:00', 1),
       (16, 41, '2023-03-06 12:00:00', 1),
       (16, 42, '2023-03-06 12:00:00', 1),
       (16, 43, '2023-03-06 12:00:00', 1),
       (16, 44, '2023-03-06 12:00:00', 1),
       (16, 45, '2023-03-06 12:00:00', 1),
       (16, 46, '2023-03-06 12:00:00', 1),
       (16, 47, '2023-03-06 12:00:00', 1),
       (16, 48, '2023-03-06 12:00:00', 1),
       (16, 49, '2023-03-06 12:00:00', 1),
       (16, 50, '2023-03-06 12:00:00', 1),
       (16, 51, '2023-03-06 12:00:00', 1),
       (16, 52, '2023-03-06 12:00:00', 1),
       (16, 53, '2023-03-06 12:00:00', 1),
       (16, 54, '2023-03-06 12:00:00', 1),
       (16, 55, '2023-03-06 12:00:00', 1),
       (16, 56, '2023-03-06 12:00:00', 1),
       (16, 57, '2023-03-06 12:00:00', 1),
       (16, 58, '2023-03-06 12:00:00', 1),
       (16, 59, '2023-03-06 12:00:00', 1),
       (16, 60, '2023-03-06 12:00:00', 1),
       (16, 61, '2023-03-06 12:00:00', 1),
       (16, 62, '2023-03-06 12:00:00', 1),
       (16, 63, '2023-03-06 12:00:00', 1),
       (16, 64, '2023-03-06 12:00:00', 1),
       (16, 65, '2023-03-06 12:00:00', 1),
       (16, 66, '2023-03-06 12:00:00', 1),
       (16, 67, '2023-03-06 12:00:00', 1),
       (16, 68, '2023-03-06 12:00:00', 1),
       (16, 69, '2023-03-06 12:00:00', 1),
       (16, 70, '2023-03-06 12:00:00', 1),
       (16, 71, '2023-03-06 12:00:00', 1),
       (16, 72, '2023-03-06 12:00:00', 1),
       (16, 73, '2023-03-06 12:00:00', 1),
       (16, 74, '2023-03-06 12:00:00', 1),
       (16, 75, '2023-03-06 12:00:00', 1),
       (16, 76, '2023-03-06 12:00:00', 1),
       (16, 77, '2023-03-06 12:00:00', 1),
       (16, 78, '2023-03-06 12:00:00', 1),
       (16, 79, '2023-03-06 12:00:00', 1),
       (16, 80, '2023-03-06 12:00:00', 1),
       (16, 81, '2023-03-06 12:00:00', 1),
       (16, 82, '2023-03-06 12:00:00', 1),
       (16, 83, '2023-03-06 12:00:00', 1),
       (16, 84, '2023-03-06 12:00:00', 1),
       (16, 85, '2023-03-06 12:00:00', 1),
       (16, 86, '2023-03-06 12:00:00', 1),
       (16, 87, '2023-03-06 12:00:00', 1),
       (16, 88, '2023-03-06 12:00:00', 1),
       (16, 89, '2023-03-06 12:00:00', 1),
       (16, 90, '2023-03-06 12:00:00', 1),
       (16, 91, '2023-03-06 12:00:00', 1),
       (16, 92, '2023-03-06 12:00:00', 1),
       (16, 93, '2023-03-06 12:00:00', 1),
       (16, 94, '2023-03-06 12:00:00', 1),
       (16, 95, '2023-03-06 12:00:00', 1),
       (16, 96, '2023-03-06 12:00:00', 1),
       (16, 97, '2023-03-06 12:00:00', 1),
       (16, 98, '2023-03-06 12:00:00', 1),
       (16, 99, '2023-03-06 12:00:00', 1),
       (16, 100, '2023-03-06 12:00:00', 1),
       (16, 1, '2023-03-06 15:00:00', 2),
       (16, 2, '2023-03-06 15:00:00', 2),
       (16, 3, '2023-03-06 15:00:00', 2),
       (16, 4, '2023-03-06 15:00:00', 2),
       (16, 5, '2023-03-06 15:00:00', 2),
       (16, 6, '2023-03-06 15:00:00', 2),
       (16, 7, '2023-03-06 15:00:00', 2),
       (16, 8, '2023-03-06 15:00:00', 2),
       (16, 9, '2023-03-06 15:00:00', 2),
       (16, 10, '2023-03-06 15:00:00', 2),
       (16, 11, '2023-03-06 15:00:00', 2),
       (16, 12, '2023-03-06 15:00:00', 2),
       (16, 13, '2023-03-06 15:00:00', 2),
       (16, 14, '2023-03-06 15:00:00', 2),
       (16, 15, '2023-03-06 15:00:00', 2),
       (16, 16, '2023-03-06 15:00:00', 2),
       (16, 17, '2023-03-06 15:00:00', 2),
       (16, 18, '2023-03-06 15:00:00', 2),
       (16, 19, '2023-03-06 15:00:00', 2),
       (16, 20, '2023-03-06 15:00:00', 2),
       (16, 21, '2023-03-06 15:00:00', 2),
       (16, 22, '2023-03-06 15:00:00', 2),
       (16, 23, '2023-03-06 15:00:00', 2),
       (16, 24, '2023-03-06 15:00:00', 2),
       (16, 25, '2023-03-06 15:00:00', 2),
       (16, 26, '2023-03-06 15:00:00', 2),
       (16, 27, '2023-03-06 15:00:00', 2),
       (16, 28, '2023-03-06 15:00:00', 2),
       (16, 29, '2023-03-06 15:00:00', 2),
       (16, 30, '2023-03-06 15:00:00', 2),
       (16, 31, '2023-03-06 15:00:00', 2),
       (16, 32, '2023-03-06 15:00:00', 2),
       (16, 33, '2023-03-06 15:00:00', 2),
       (16, 34, '2023-03-06 15:00:00', 2),
       (16, 35, '2023-03-06 15:00:00', 2),
       (16, 36, '2023-03-06 15:00:00', 2),
       (16, 37, '2023-03-06 15:00:00', 2),
       (16, 38, '2023-03-06 15:00:00', 2),
       (16, 39, '2023-03-06 15:00:00', 2),
       (16, 40, '2023-03-06 15:00:00', 2),
       (16, 41, '2023-03-06 15:00:00', 2),
       (16, 42, '2023-03-06 15:00:00', 2),
       (16, 43, '2023-03-06 15:00:00', 2),
       (16, 44, '2023-03-06 15:00:00', 2),
       (16, 45, '2023-03-06 15:00:00', 2),
       (16, 46, '2023-03-06 15:00:00', 2),
       (16, 47, '2023-03-06 15:00:00', 2),
       (16, 48, '2023-03-06 15:00:00', 2),
       (16, 49, '2023-03-06 15:00:00', 2),
       (16, 50, '2023-03-06 15:00:00', 2),
       (16, 51, '2023-03-06 15:00:00', 2),
       (16, 52, '2023-03-06 15:00:00', 2),
       (16, 53, '2023-03-06 15:00:00', 2),
       (16, 54, '2023-03-06 15:00:00', 2),
       (16, 55, '2023-03-06 15:00:00', 2),
       (16, 56, '2023-03-06 15:00:00', 2),
       (16, 57, '2023-03-06 15:00:00', 2),
       (16, 58, '2023-03-06 15:00:00', 2),
       (16, 59, '2023-03-06 15:00:00', 2),
       (16, 60, '2023-03-06 15:00:00', 2),
       (16, 61, '2023-03-06 15:00:00', 2),
       (16, 62, '2023-03-06 15:00:00', 2),
       (16, 63, '2023-03-06 15:00:00', 2),
       (16, 64, '2023-03-06 15:00:00', 2),
       (16, 65, '2023-03-06 15:00:00', 2),
       (16, 66, '2023-03-06 15:00:00', 2),
       (16, 67, '2023-03-06 15:00:00', 2),
       (16, 68, '2023-03-06 15:00:00', 2),
       (16, 69, '2023-03-06 15:00:00', 2),
       (16, 70, '2023-03-06 15:00:00', 2),
       (16, 71, '2023-03-06 15:00:00', 2),
       (16, 72, '2023-03-06 15:00:00', 2),
       (16, 73, '2023-03-06 15:00:00', 2),
       (16, 74, '2023-03-06 15:00:00', 2),
       (16, 75, '2023-03-06 15:00:00', 2),
       (17, 1, '2023-03-06 18:00:00', 3),
       (17, 2, '2023-03-06 18:00:00', 3),
       (17, 3, '2023-03-06 18:00:00', 3),
       (17, 4, '2023-03-06 18:00:00', 3),
       (17, 5, '2023-03-06 18:00:00', 3),
       (17, 6, '2023-03-06 18:00:00', 3),
       (17, 7, '2023-03-06 18:00:00', 3),
       (17, 8, '2023-03-06 18:00:00', 3),
       (17, 9, '2023-03-06 18:00:00', 3),
       (17, 10, '2023-03-06 18:00:00', 3),
       (17, 11, '2023-03-06 18:00:00', 3),
       (17, 12, '2023-03-06 18:00:00', 3),
       (17, 13, '2023-03-06 18:00:00', 3),
       (17, 14, '2023-03-06 18:00:00', 3),
       (17, 15, '2023-03-06 18:00:00', 3),
       (17, 16, '2023-03-06 18:00:00', 3),
       (17, 17, '2023-03-06 18:00:00', 3),
       (17, 18, '2023-03-06 18:00:00', 3),
       (17, 19, '2023-03-06 18:00:00', 3),
       (17, 20, '2023-03-06 18:00:00', 3),
       (17, 21, '2023-03-06 18:00:00', 3),
       (17, 22, '2023-03-06 18:00:00', 3),
       (17, 23, '2023-03-06 18:00:00', 3),
       (17, 24, '2023-03-06 18:00:00', 3),
       (17, 25, '2023-03-06 18:00:00', 3),
       (17, 26, '2023-03-06 18:00:00', 3),
       (17, 27, '2023-03-06 18:00:00', 3),
       (17, 28, '2023-03-06 18:00:00', 3),
       (17, 29, '2023-03-06 18:00:00', 3),
       (17, 30, '2023-03-06 18:00:00', 3),
       (17, 31, '2023-03-06 18:00:00', 3),
       (17, 32, '2023-03-06 18:00:00', 3),
       (17, 33, '2023-03-06 18:00:00', 3),
       (17, 34, '2023-03-06 18:00:00', 3),
       (17, 35, '2023-03-06 18:00:00', 3),
       (17, 36, '2023-03-06 18:00:00', 3),
       (17, 37, '2023-03-06 18:00:00', 3),
       (17, 38, '2023-03-06 18:00:00', 3),
       (17, 39, '2023-03-06 18:00:00', 3),
       (17, 40, '2023-03-06 18:00:00', 3),
       (17, 41, '2023-03-06 18:00:00', 3),
       (17, 42, '2023-03-06 18:00:00', 3),
       (17, 43, '2023-03-06 18:00:00', 3),
       (17, 44, '2023-03-06 18:00:00', 3),
       (17, 45, '2023-03-06 18:00:00', 3),
       (17, 46, '2023-03-06 18:00:00', 3),
       (17, 47, '2023-03-06 18:00:00', 3),
       (17, 48, '2023-03-06 18:00:00', 3),
       (17, 49, '2023-03-06 18:00:00', 3),
       (17, 50, '2023-03-06 18:00:00', 3),
       (17, 51, '2023-03-06 18:00:00', 3),
       (17, 52, '2023-03-06 18:00:00', 3),
       (17, 53, '2023-03-06 18:00:00', 3),
       (17, 54, '2023-03-06 18:00:00', 3),
       (17, 55, '2023-03-06 18:00:00', 3),
       (17, 56, '2023-03-06 18:00:00', 3),
       (17, 57, '2023-03-06 18:00:00', 3),
       (17, 58, '2023-03-06 18:00:00', 3),
       (17, 59, '2023-03-06 18:00:00', 3),
       (17, 60, '2023-03-06 18:00:00', 3),
       (17, 61, '2023-03-06 18:00:00', 3),
       (17, 62, '2023-03-06 18:00:00', 3),
       (17, 63, '2023-03-06 18:00:00', 3),
       (17, 64, '2023-03-06 18:00:00', 3),
       (17, 65, '2023-03-06 18:00:00', 3),
       (17, 66, '2023-03-06 18:00:00', 3),
       (17, 67, '2023-03-06 18:00:00', 3),
       (17, 68, '2023-03-06 18:00:00', 3),
       (17, 69, '2023-03-06 18:00:00', 3),
       (17, 70, '2023-03-06 18:00:00', 3),
       (17, 71, '2023-03-06 18:00:00', 3),
       (17, 72, '2023-03-06 18:00:00', 3),
       (17, 73, '2023-03-06 18:00:00', 3),
       (17, 74, '2023-03-06 18:00:00', 3),
       (17, 75, '2023-03-06 18:00:00', 3),
       (17, 76, '2023-03-06 18:00:00', 3),
       (17, 77, '2023-03-06 18:00:00', 3),
       (17, 78, '2023-03-06 18:00:00', 3),
       (17, 79, '2023-03-06 18:00:00', 3),
       (17, 80, '2023-03-06 18:00:00', 3),
       (17, 81, '2023-03-06 18:00:00', 3),
       (17, 82, '2023-03-06 18:00:00', 3),
       (17, 83, '2023-03-06 18:00:00', 3),
       (17, 84, '2023-03-06 18:00:00', 3),
       (17, 85, '2023-03-06 18:00:00', 3),
       (17, 86, '2023-03-06 18:00:00', 3),
       (17, 87, '2023-03-06 18:00:00', 3),
       (17, 88, '2023-03-06 18:00:00', 3),
       (17, 89, '2023-03-06 18:00:00', 3),
       (17, 90, '2023-03-06 18:00:00', 3),
       (17, 91, '2023-03-06 18:00:00', 3),
       (17, 92, '2023-03-06 18:00:00', 3),
       (17, 93, '2023-03-06 18:00:00', 3),
       (17, 94, '2023-03-06 18:00:00', 3),
       (17, 95, '2023-03-06 18:00:00', 3),
       (17, 96, '2023-03-06 18:00:00', 3),
       (17, 97, '2023-03-06 18:00:00', 3),
       (17, 98, '2023-03-06 18:00:00', 3),
       (17, 99, '2023-03-06 18:00:00', 3),
       (17, 100, '2023-03-06 18:00:00', 3),
       (17, 101, '2023-03-06 18:00:00', 3),
       (17, 102, '2023-03-06 18:00:00', 3),
       (17, 103, '2023-03-06 18:00:00', 3),
       (17, 104, '2023-03-06 18:00:00', 3),
       (17, 105, '2023-03-06 18:00:00', 3),
       (17, 106, '2023-03-06 18:00:00', 3),
       (17, 107, '2023-03-06 18:00:00', 3),
       (17, 108, '2023-03-06 18:00:00', 3),
       (17, 109, '2023-03-06 18:00:00', 3),
       (17, 110, '2023-03-06 18:00:00', 3),
       (17, 111, '2023-03-06 18:00:00', 3),
       (17, 112, '2023-03-06 18:00:00', 3),
       (17, 113, '2023-03-06 18:00:00', 3),
       (17, 114, '2023-03-06 18:00:00', 3),
       (17, 115, '2023-03-06 18:00:00', 3),
       (17, 116, '2023-03-06 18:00:00', 3),
       (17, 117, '2023-03-06 18:00:00', 3),
       (17, 118, '2023-03-06 18:00:00', 3),
       (17, 119, '2023-03-06 18:00:00', 3),
       (17, 120, '2023-03-06 18:00:00', 3),
       (16, 1, '2023-03-06 21:00:00', 4),
       (16, 2, '2023-03-06 21:00:00', 4),
       (16, 3, '2023-03-06 21:00:00', 4),
       (16, 4, '2023-03-06 21:00:00', 4),
       (16, 5, '2023-03-06 21:00:00', 4),
       (16, 6, '2023-03-06 21:00:00', 4),
       (16, 7, '2023-03-06 21:00:00', 4),
       (16, 8, '2023-03-06 21:00:00', 4),
       (16, 9, '2023-03-06 21:00:00', 4),
       (16, 10, '2023-03-06 21:00:00', 4),
       (16, 11, '2023-03-06 21:00:00', 4),
       (16, 12, '2023-03-06 21:00:00', 4),
       (16, 13, '2023-03-06 21:00:00', 4),
       (16, 14, '2023-03-06 21:00:00', 4),
       (16, 15, '2023-03-06 21:00:00', 4),
       (16, 16, '2023-03-06 21:00:00', 4),
       (16, 17, '2023-03-06 21:00:00', 4),
       (16, 18, '2023-03-06 21:00:00', 4),
       (16, 19, '2023-03-06 21:00:00', 4),
       (16, 20, '2023-03-06 21:00:00', 4),
       (16, 21, '2023-03-06 21:00:00', 4),
       (16, 22, '2023-03-06 21:00:00', 4),
       (16, 23, '2023-03-06 21:00:00', 4),
       (16, 24, '2023-03-06 21:00:00', 4),
       (16, 25, '2023-03-06 21:00:00', 4),
       (16, 26, '2023-03-06 21:00:00', 4),
       (16, 27, '2023-03-06 21:00:00', 4),
       (16, 28, '2023-03-06 21:00:00', 4),
       (16, 29, '2023-03-06 21:00:00', 4),
       (16, 30, '2023-03-06 21:00:00', 4),
       (16, 31, '2023-03-06 21:00:00', 4),
       (16, 32, '2023-03-06 21:00:00', 4),
       (16, 33, '2023-03-06 21:00:00', 4),
       (16, 34, '2023-03-06 21:00:00', 4),
       (16, 35, '2023-03-06 21:00:00', 4),
       (16, 36, '2023-03-06 21:00:00', 4),
       (16, 37, '2023-03-06 21:00:00', 4),
       (16, 38, '2023-03-06 21:00:00', 4),
       (16, 39, '2023-03-06 21:00:00', 4),
       (16, 40, '2023-03-06 21:00:00', 4),
       (16, 41, '2023-03-06 21:00:00', 4),
       (16, 42, '2023-03-06 21:00:00', 4),
       (16, 43, '2023-03-06 21:00:00', 4),
       (16, 44, '2023-03-06 21:00:00', 4),
       (16, 45, '2023-03-06 21:00:00', 4),
       (16, 46, '2023-03-06 21:00:00', 4),
       (16, 47, '2023-03-06 21:00:00', 4),
       (16, 48, '2023-03-06 21:00:00', 4),
       (16, 49, '2023-03-06 21:00:00', 4),
       (16, 50, '2023-03-06 21:00:00', 4),
       (16, 51, '2023-03-06 21:00:00', 4),
       (16, 52, '2023-03-06 21:00:00', 4),
       (16, 53, '2023-03-06 21:00:00', 4),
       (16, 54, '2023-03-06 21:00:00', 4),
       (16, 55, '2023-03-06 21:00:00', 4),
       (16, 56, '2023-03-06 21:00:00', 4),
       (16, 57, '2023-03-06 21:00:00', 4),
       (16, 58, '2023-03-06 21:00:00', 4),
       (16, 59, '2023-03-06 21:00:00', 4),
       (16, 60, '2023-03-06 21:00:00', 4),
       (16, 61, '2023-03-06 21:00:00', 4),
       (16, 62, '2023-03-06 21:00:00', 4),
       (16, 63, '2023-03-06 21:00:00', 4),
       (16, 64, '2023-03-06 21:00:00', 4),
       (16, 65, '2023-03-06 21:00:00', 4),
       (16, 66, '2023-03-06 21:00:00', 4),
       (16, 67, '2023-03-06 21:00:00', 4),
       (16, 68, '2023-03-06 21:00:00', 4),
       (16, 69, '2023-03-06 21:00:00', 4),
       (16, 70, '2023-03-06 21:00:00', 4),
       (16, 71, '2023-03-06 21:00:00', 4),
       (16, 72, '2023-03-06 21:00:00', 4),
       (16, 73, '2023-03-06 21:00:00', 4),
       (16, 74, '2023-03-06 21:00:00', 4),
       (16, 75, '2023-03-06 21:00:00', 4),
       (16, 76, '2023-03-06 21:00:00', 4),
       (16, 77, '2023-03-06 21:00:00', 4),
       (16, 78, '2023-03-06 21:00:00', 4),
       (16, 79, '2023-03-06 21:00:00', 4),
       (16, 80, '2023-03-06 21:00:00', 4),
       (16, 81, '2023-03-06 21:00:00', 4),
       (16, 82, '2023-03-06 21:00:00', 4),
       (16, 83, '2023-03-06 21:00:00', 4),
       (16, 84, '2023-03-06 21:00:00', 4),
       (16, 85, '2023-03-06 21:00:00', 4),
       (16, 86, '2023-03-06 21:00:00', 4),
       (16, 87, '2023-03-06 21:00:00', 4),
       (16, 88, '2023-03-06 21:00:00', 4),
       (16, 89, '2023-03-06 21:00:00', 4),
       (16, 90, '2023-03-06 21:00:00', 4),
       (17, 1, '2023-03-07 12:00:00', 5),
       (17, 2, '2023-03-07 12:00:00', 5),
       (17, 3, '2023-03-07 12:00:00', 5),
       (17, 4, '2023-03-07 12:00:00', 5),
       (17, 5, '2023-03-07 12:00:00', 5),
       (17, 6, '2023-03-07 12:00:00', 5),
       (17, 7, '2023-03-07 12:00:00', 5),
       (17, 8, '2023-03-07 12:00:00', 5),
       (17, 9, '2023-03-07 12:00:00', 5),
       (17, 10, '2023-03-07 12:00:00', 5),
       (17, 11, '2023-03-07 12:00:00', 5),
       (17, 12, '2023-03-07 12:00:00', 5),
       (17, 13, '2023-03-07 12:00:00', 5),
       (17, 14, '2023-03-07 12:00:00', 5),
       (17, 15, '2023-03-07 12:00:00', 5),
       (17, 16, '2023-03-07 12:00:00', 5),
       (17, 17, '2023-03-07 12:00:00', 5),
       (17, 18, '2023-03-07 12:00:00', 5),
       (17, 19, '2023-03-07 12:00:00', 5),
       (17, 20, '2023-03-07 12:00:00', 5),
       (17, 21, '2023-03-07 12:00:00', 5),
       (17, 22, '2023-03-07 12:00:00', 5),
       (17, 23, '2023-03-07 12:00:00', 5),
       (17, 24, '2023-03-07 12:00:00', 5),
       (17, 25, '2023-03-07 12:00:00', 5),
       (17, 26, '2023-03-07 12:00:00', 5),
       (17, 27, '2023-03-07 12:00:00', 5),
       (17, 28, '2023-03-07 12:00:00', 5),
       (17, 29, '2023-03-07 12:00:00', 5),
       (17, 30, '2023-03-07 12:00:00', 5),
       (17, 31, '2023-03-07 12:00:00', 5),
       (17, 32, '2023-03-07 12:00:00', 5),
       (17, 33, '2023-03-07 12:00:00', 5),
       (17, 34, '2023-03-07 12:00:00', 5),
       (17, 35, '2023-03-07 12:00:00', 5),
       (17, 36, '2023-03-07 12:00:00', 5),
       (17, 37, '2023-03-07 12:00:00', 5),
       (17, 38, '2023-03-07 12:00:00', 5),
       (17, 39, '2023-03-07 12:00:00', 5),
       (17, 40, '2023-03-07 12:00:00', 5),
       (17, 41, '2023-03-07 12:00:00', 5),
       (17, 42, '2023-03-07 12:00:00', 5),
       (17, 43, '2023-03-07 12:00:00', 5),
       (17, 44, '2023-03-07 12:00:00', 5),
       (17, 45, '2023-03-07 12:00:00', 5),
       (17, 46, '2023-03-07 12:00:00', 5),
       (17, 47, '2023-03-07 12:00:00', 5),
       (17, 48, '2023-03-07 12:00:00', 5),
       (17, 49, '2023-03-07 12:00:00', 5),
       (17, 50, '2023-03-07 12:00:00', 5),
       (17, 51, '2023-03-07 12:00:00', 5),
       (17, 52, '2023-03-07 12:00:00', 5),
       (17, 53, '2023-03-07 12:00:00', 5),
       (17, 54, '2023-03-07 12:00:00', 5),
       (17, 55, '2023-03-07 12:00:00', 5),
       (17, 56, '2023-03-07 12:00:00', 5),
       (17, 57, '2023-03-07 12:00:00', 5),
       (17, 58, '2023-03-07 12:00:00', 5),
       (17, 59, '2023-03-07 12:00:00', 5),
       (17, 60, '2023-03-07 12:00:00', 5),
       (17, 61, '2023-03-07 12:00:00', 5),
       (17, 62, '2023-03-07 12:00:00', 5),
       (17, 63, '2023-03-07 12:00:00', 5),
       (17, 64, '2023-03-07 12:00:00', 5),
       (17, 65, '2023-03-07 12:00:00', 5),
       (17, 66, '2023-03-07 12:00:00', 5),
       (17, 67, '2023-03-07 12:00:00', 5),
       (17, 68, '2023-03-07 12:00:00', 5),
       (17, 69, '2023-03-07 12:00:00', 5),
       (17, 70, '2023-03-07 12:00:00', 5),
       (17, 71, '2023-03-07 12:00:00', 5),
       (17, 72, '2023-03-07 12:00:00', 5),
       (17, 73, '2023-03-07 12:00:00', 5),
       (17, 74, '2023-03-07 12:00:00', 5),
       (17, 75, '2023-03-07 12:00:00', 5),
       (17, 76, '2023-03-07 12:00:00', 5),
       (17, 77, '2023-03-07 12:00:00', 5),
       (17, 78, '2023-03-07 12:00:00', 5),
       (17, 79, '2023-03-07 12:00:00', 5),
       (17, 80, '2023-03-07 12:00:00', 5),
       (17, 81, '2023-03-07 12:00:00', 5),
       (17, 82, '2023-03-07 12:00:00', 5),
       (17, 83, '2023-03-07 12:00:00', 5),
       (17, 84, '2023-03-07 12:00:00', 5),
       (17, 85, '2023-03-07 12:00:00', 5),
       (17, 86, '2023-03-07 12:00:00', 5),
       (17, 87, '2023-03-07 12:00:00', 5),
       (17, 88, '2023-03-07 12:00:00', 5),
       (17, 89, '2023-03-07 12:00:00', 5),
       (17, 90, '2023-03-07 12:00:00', 5),
       (17, 91, '2023-03-07 12:00:00', 5),
       (17, 92, '2023-03-07 12:00:00', 5),
       (17, 93, '2023-03-07 12:00:00', 5),
       (17, 94, '2023-03-07 12:00:00', 5),
       (17, 95, '2023-03-07 12:00:00', 5),
       (17, 96, '2023-03-07 12:00:00', 5),
       (17, 97, '2023-03-07 12:00:00', 5),
       (17, 98, '2023-03-07 12:00:00', 5),
       (17, 99, '2023-03-07 12:00:00', 5),
       (17, 100, '2023-03-07 12:00:00', 5),
       (17, 101, '2023-03-07 12:00:00', 5),
       (17, 102, '2023-03-07 12:00:00', 5),
       (17, 103, '2023-03-07 12:00:00', 5),
       (17, 104, '2023-03-07 12:00:00', 5),
       (17, 105, '2023-03-07 12:00:00', 5),
       (17, 106, '2023-03-07 12:00:00', 5),
       (17, 107, '2023-03-07 12:00:00', 5),
       (17, 108, '2023-03-07 12:00:00', 5),
       (17, 109, '2023-03-07 12:00:00', 5),
       (17, 110, '2023-03-07 12:00:00', 5),
       (17, 111, '2023-03-07 12:00:00', 5),
       (17, 112, '2023-03-07 12:00:00', 5),
       (17, 113, '2023-03-07 12:00:00', 5),
       (17, 114, '2023-03-07 12:00:00', 5),
       (17, 115, '2023-03-07 12:00:00', 5),
       (17, 116, '2023-03-07 12:00:00', 5),
       (17, 117, '2023-03-07 12:00:00', 5),
       (17, 118, '2023-03-07 12:00:00', 5),
       (17, 119, '2023-03-07 12:00:00', 5),
       (17, 120, '2023-03-07 12:00:00', 5),
       (17, 121, '2023-03-07 12:00:00', 5),
       (17, 122, '2023-03-07 12:00:00', 5),
       (17, 123, '2023-03-07 12:00:00', 5),
       (17, 124, '2023-03-07 12:00:00', 5),
       (17, 125, '2023-03-07 12:00:00', 5),
       (17, 126, '2023-03-07 12:00:00', 5),
       (17, 127, '2023-03-07 12:00:00', 5),
       (17, 128, '2023-03-07 12:00:00', 5),
       (17, 129, '2023-03-07 12:00:00', 5),
       (17, 130, '2023-03-07 12:00:00', 5),
       (17, 131, '2023-03-07 12:00:00', 5),
       (17, 132, '2023-03-07 12:00:00', 5),
       (17, 133, '2023-03-07 12:00:00', 5),
       (17, 134, '2023-03-07 12:00:00', 5),
       (17, 135, '2023-03-07 12:00:00', 5),
       (17, 136, '2023-03-07 12:00:00', 5),
       (17, 137, '2023-03-07 12:00:00', 5),
       (17, 138, '2023-03-07 12:00:00', 5),
       (17, 139, '2023-03-07 12:00:00', 5),
       (17, 140, '2023-03-07 12:00:00', 5),
       (17, 141, '2023-03-07 12:00:00', 5),
       (17, 142, '2023-03-07 12:00:00', 5),
       (17, 143, '2023-03-07 12:00:00', 5),
       (17, 144, '2023-03-07 12:00:00', 5),
       (17, 145, '2023-03-07 12:00:00', 5),
       (17, 146, '2023-03-07 12:00:00', 5),
       (17, 147, '2023-03-07 12:00:00', 5),
       (17, 148, '2023-03-07 12:00:00', 5),
       (17, 149, '2023-03-07 12:00:00', 5),
       (17, 150, '2023-03-07 12:00:00', 5),
       (16, 1, '2023-03-07 15:00:00', 6),
       (16, 2, '2023-03-07 15:00:00', 6),
       (16, 3, '2023-03-07 15:00:00', 6),
       (16, 4, '2023-03-07 15:00:00', 6),
       (16, 5, '2023-03-07 15:00:00', 6),
       (16, 6, '2023-03-07 15:00:00', 6),
       (16, 7, '2023-03-07 15:00:00', 6),
       (16, 8, '2023-03-07 15:00:00', 6),
       (16, 9, '2023-03-07 15:00:00', 6),
       (16, 10, '2023-03-07 15:00:00', 6),
       (16, 11, '2023-03-07 15:00:00', 6),
       (16, 12, '2023-03-07 15:00:00', 6),
       (16, 13, '2023-03-07 15:00:00', 6),
       (16, 14, '2023-03-07 15:00:00', 6),
       (16, 15, '2023-03-07 15:00:00', 6),
       (16, 16, '2023-03-07 15:00:00', 6),
       (16, 17, '2023-03-07 15:00:00', 6),
       (16, 18, '2023-03-07 15:00:00', 6),
       (16, 19, '2023-03-07 15:00:00', 6),
       (16, 20, '2023-03-07 15:00:00', 6),
       (16, 21, '2023-03-07 15:00:00', 6),
       (16, 22, '2023-03-07 15:00:00', 6),
       (16, 23, '2023-03-07 15:00:00', 6),
       (16, 24, '2023-03-07 15:00:00', 6),
       (16, 25, '2023-03-07 15:00:00', 6),
       (16, 26, '2023-03-07 15:00:00', 6),
       (16, 27, '2023-03-07 15:00:00', 6),
       (16, 28, '2023-03-07 15:00:00', 6),
       (16, 29, '2023-03-07 15:00:00', 6),
       (16, 30, '2023-03-07 15:00:00', 6),
       (16, 31, '2023-03-07 15:00:00', 6),
       (16, 32, '2023-03-07 15:00:00', 6),
       (16, 33, '2023-03-07 15:00:00', 6),
       (16, 34, '2023-03-07 15:00:00', 6),
       (16, 35, '2023-03-07 15:00:00', 6),
       (16, 36, '2023-03-07 15:00:00', 6),
       (16, 37, '2023-03-07 15:00:00', 6),
       (16, 38, '2023-03-07 15:00:00', 6),
       (16, 39, '2023-03-07 15:00:00', 6),
       (16, 40, '2023-03-07 15:00:00', 6),
       (16, 41, '2023-03-07 15:00:00', 6),
       (16, 42, '2023-03-07 15:00:00', 6),
       (16, 43, '2023-03-07 15:00:00', 6),
       (16, 44, '2023-03-07 15:00:00', 6),
       (16, 45, '2023-03-07 15:00:00', 6),
       (16, 46, '2023-03-07 15:00:00', 6),
       (16, 47, '2023-03-07 15:00:00', 6),
       (16, 48, '2023-03-07 15:00:00', 6),
       (16, 49, '2023-03-07 15:00:00', 6),
       (16, 50, '2023-03-07 15:00:00', 6),
       (16, 51, '2023-03-07 15:00:00', 6),
       (16, 52, '2023-03-07 15:00:00', 6),
       (16, 53, '2023-03-07 15:00:00', 6),
       (16, 54, '2023-03-07 15:00:00', 6),
       (16, 55, '2023-03-07 15:00:00', 6),
       (16, 56, '2023-03-07 15:00:00', 6),
       (16, 57, '2023-03-07 15:00:00', 6),
       (16, 58, '2023-03-07 15:00:00', 6),
       (16, 59, '2023-03-07 15:00:00', 6),
       (16, 60, '2023-03-07 15:00:00', 6),
       (16, 61, '2023-03-07 15:00:00', 6),
       (16, 62, '2023-03-07 15:00:00', 6),
       (16, 63, '2023-03-07 15:00:00', 6),
       (16, 64, '2023-03-07 15:00:00', 6),
       (16, 65, '2023-03-07 15:00:00', 6),
       (16, 66, '2023-03-07 15:00:00', 6),
       (16, 67, '2023-03-07 15:00:00', 6),
       (16, 68, '2023-03-07 15:00:00', 6),
       (16, 69, '2023-03-07 15:00:00', 6),
       (16, 70, '2023-03-07 15:00:00', 6),
       (16, 71, '2023-03-07 15:00:00', 6),
       (16, 72, '2023-03-07 15:00:00', 6),
       (16, 73, '2023-03-07 15:00:00', 6),
       (16, 74, '2023-03-07 15:00:00', 6),
       (16, 75, '2023-03-07 15:00:00', 6),
       (16, 76, '2023-03-07 15:00:00', 6),
       (16, 77, '2023-03-07 15:00:00', 6),
       (16, 78, '2023-03-07 15:00:00', 6),
       (16, 79, '2023-03-07 15:00:00', 6),
       (16, 80, '2023-03-07 15:00:00', 6),
       (16, 81, '2023-03-07 15:00:00', 6),
       (16, 82, '2023-03-07 15:00:00', 6),
       (16, 83, '2023-03-07 15:00:00', 6),
       (16, 84, '2023-03-07 15:00:00', 6),
       (16, 85, '2023-03-07 15:00:00', 6),
       (16, 86, '2023-03-07 15:00:00', 6),
       (16, 87, '2023-03-07 15:00:00', 6),
       (16, 88, '2023-03-07 15:00:00', 6),
       (16, 89, '2023-03-07 15:00:00', 6),
       (16, 90, '2023-03-07 15:00:00', 6),
       (16, 91, '2023-03-07 15:00:00', 6),
       (16, 92, '2023-03-07 15:00:00', 6),
       (16, 93, '2023-03-07 15:00:00', 6),
       (16, 94, '2023-03-07 15:00:00', 6),
       (16, 95, '2023-03-07 15:00:00', 6),
       (16, 96, '2023-03-07 15:00:00', 6),
       (16, 97, '2023-03-07 15:00:00', 6),
       (16, 98, '2023-03-07 15:00:00', 6),
       (16, 99, '2023-03-07 15:00:00', 6),
       (16, 100, '2023-03-07 15:00:00', 6),
       (16, 101, '2023-03-07 15:00:00', 6),
       (16, 102, '2023-03-07 15:00:00', 6),
       (16, 103, '2023-03-07 15:00:00', 6),
       (16, 104, '2023-03-07 15:00:00', 6),
       (16, 105, '2023-03-07 15:00:00', 6),
       (16, 106, '2023-03-07 15:00:00', 6),
       (16, 107, '2023-03-07 15:00:00', 6),
       (16, 108, '2023-03-07 15:00:00', 6),
       (16, 109, '2023-03-07 15:00:00', 6),
       (16, 110, '2023-03-07 15:00:00', 6),
       (17, 1, '2023-03-07 18:00:00', 7),
       (17, 2, '2023-03-07 18:00:00', 7),
       (17, 3, '2023-03-07 18:00:00', 7),
       (17, 4, '2023-03-07 18:00:00', 7),
       (17, 5, '2023-03-07 18:00:00', 7),
       (17, 6, '2023-03-07 18:00:00', 7),
       (17, 7, '2023-03-07 18:00:00', 7),
       (17, 8, '2023-03-07 18:00:00', 7),
       (17, 9, '2023-03-07 18:00:00', 7),
       (17, 10, '2023-03-07 18:00:00', 7),
       (17, 11, '2023-03-07 18:00:00', 7),
       (17, 12, '2023-03-07 18:00:00', 7),
       (17, 13, '2023-03-07 18:00:00', 7),
       (17, 14, '2023-03-07 18:00:00', 7),
       (17, 15, '2023-03-07 18:00:00', 7),
       (17, 16, '2023-03-07 18:00:00', 7),
       (17, 17, '2023-03-07 18:00:00', 7),
       (17, 18, '2023-03-07 18:00:00', 7),
       (17, 19, '2023-03-07 18:00:00', 7),
       (17, 20, '2023-03-07 18:00:00', 7),
       (17, 21, '2023-03-07 18:00:00', 7),
       (17, 22, '2023-03-07 18:00:00', 7),
       (17, 23, '2023-03-07 18:00:00', 7),
       (17, 24, '2023-03-07 18:00:00', 7),
       (17, 25, '2023-03-07 18:00:00', 7),
       (17, 26, '2023-03-07 18:00:00', 7),
       (17, 27, '2023-03-07 18:00:00', 7),
       (17, 28, '2023-03-07 18:00:00', 7),
       (17, 29, '2023-03-07 18:00:00', 7),
       (17, 30, '2023-03-07 18:00:00', 7),
       (17, 31, '2023-03-07 18:00:00', 7),
       (17, 32, '2023-03-07 18:00:00', 7),
       (17, 33, '2023-03-07 18:00:00', 7),
       (17, 34, '2023-03-07 18:00:00', 7),
       (17, 35, '2023-03-07 18:00:00', 7),
       (17, 36, '2023-03-07 18:00:00', 7),
       (17, 37, '2023-03-07 18:00:00', 7),
       (17, 38, '2023-03-07 18:00:00', 7),
       (17, 39, '2023-03-07 18:00:00', 7),
       (17, 40, '2023-03-07 18:00:00', 7),
       (17, 41, '2023-03-07 18:00:00', 7),
       (17, 42, '2023-03-07 18:00:00', 7),
       (17, 43, '2023-03-07 18:00:00', 7),
       (17, 44, '2023-03-07 18:00:00', 7),
       (17, 45, '2023-03-07 18:00:00', 7),
       (17, 46, '2023-03-07 18:00:00', 7),
       (17, 47, '2023-03-07 18:00:00', 7),
       (17, 48, '2023-03-07 18:00:00', 7),
       (17, 49, '2023-03-07 18:00:00', 7),
       (17, 50, '2023-03-07 18:00:00', 7),
       (17, 51, '2023-03-07 18:00:00', 7),
       (17, 52, '2023-03-07 18:00:00', 7),
       (17, 53, '2023-03-07 18:00:00', 7),
       (17, 54, '2023-03-07 18:00:00', 7),
       (17, 55, '2023-03-07 18:00:00', 7),
       (17, 56, '2023-03-07 18:00:00', 7),
       (17, 57, '2023-03-07 18:00:00', 7),
       (17, 58, '2023-03-07 18:00:00', 7),
       (17, 59, '2023-03-07 18:00:00', 7),
       (17, 60, '2023-03-07 18:00:00', 7),
       (17, 61, '2023-03-07 18:00:00', 7),
       (17, 62, '2023-03-07 18:00:00', 7),
       (17, 63, '2023-03-07 18:00:00', 7),
       (17, 64, '2023-03-07 18:00:00', 7),
       (17, 65, '2023-03-07 18:00:00', 7),
       (17, 66, '2023-03-07 18:00:00', 7),
       (17, 67, '2023-03-07 18:00:00', 7),
       (17, 68, '2023-03-07 18:00:00', 7),
       (17, 69, '2023-03-07 18:00:00', 7),
       (17, 70, '2023-03-07 18:00:00', 7),
       (17, 71, '2023-03-07 18:00:00', 7),
       (17, 72, '2023-03-07 18:00:00', 7),
       (17, 73, '2023-03-07 18:00:00', 7),
       (17, 74, '2023-03-07 18:00:00', 7),
       (17, 75, '2023-03-07 18:00:00', 7),
       (17, 76, '2023-03-07 18:00:00', 7),
       (17, 77, '2023-03-07 18:00:00', 7),
       (17, 78, '2023-03-07 18:00:00', 7),
       (17, 79, '2023-03-07 18:00:00', 7),
       (17, 80, '2023-03-07 18:00:00', 7),
       (17, 81, '2023-03-07 18:00:00', 7),
       (17, 82, '2023-03-07 18:00:00', 7),
       (17, 83, '2023-03-07 18:00:00', 7),
       (17, 84, '2023-03-07 18:00:00', 7),
       (17, 85, '2023-03-07 18:00:00', 7),
       (17, 86, '2023-03-07 18:00:00', 7),
       (17, 87, '2023-03-07 18:00:00', 7),
       (17, 88, '2023-03-07 18:00:00', 7),
       (17, 89, '2023-03-07 18:00:00', 7),
       (17, 90, '2023-03-07 18:00:00', 7),
       (17, 91, '2023-03-07 18:00:00', 7),
       (17, 92, '2023-03-07 18:00:00', 7),
       (17, 93, '2023-03-07 18:00:00', 7),
       (17, 94, '2023-03-07 18:00:00', 7),
       (17, 95, '2023-03-07 18:00:00', 7),
       (17, 96, '2023-03-07 18:00:00', 7),
       (17, 97, '2023-03-07 18:00:00', 7),
       (17, 98, '2023-03-07 18:00:00', 7),
       (17, 99, '2023-03-07 18:00:00', 7),
       (17, 100, '2023-03-07 18:00:00', 7),
       (17, 101, '2023-03-07 18:00:00', 7),
       (17, 102, '2023-03-07 18:00:00', 7),
       (17, 103, '2023-03-07 18:00:00', 7),
       (17, 104, '2023-03-07 18:00:00', 7),
       (17, 105, '2023-03-07 18:00:00', 7),
       (17, 106, '2023-03-07 18:00:00', 7),
       (17, 107, '2023-03-07 18:00:00', 7),
       (17, 108, '2023-03-07 18:00:00', 7),
       (17, 109, '2023-03-07 18:00:00', 7),
       (17, 110, '2023-03-07 18:00:00', 7),
       (17, 111, '2023-03-07 18:00:00', 7),
       (17, 112, '2023-03-07 18:00:00', 7),
       (17, 113, '2023-03-07 18:00:00', 7),
       (17, 114, '2023-03-07 18:00:00', 7),
       (17, 115, '2023-03-07 18:00:00', 7),
       (17, 116, '2023-03-07 18:00:00', 7),
       (17, 117, '2023-03-07 18:00:00', 7),
       (17, 118, '2023-03-07 18:00:00', 7),
       (17, 119, '2023-03-07 18:00:00', 7),
       (17, 120, '2023-03-07 18:00:00', 7),
       (17, 121, '2023-03-07 18:00:00', 7),
       (17, 122, '2023-03-07 18:00:00', 7),
       (17, 123, '2023-03-07 18:00:00', 7),
       (17, 124, '2023-03-07 18:00:00', 7),
       (17, 125, '2023-03-07 18:00:00', 7),
       (17, 126, '2023-03-07 18:00:00', 7),
       (17, 127, '2023-03-07 18:00:00', 7),
       (17, 128, '2023-03-07 18:00:00', 7),
       (17, 129, '2023-03-07 18:00:00', 7),
       (17, 130, '2023-03-07 18:00:00', 7),
       (17, 131, '2023-03-07 18:00:00', 7),
       (17, 132, '2023-03-07 18:00:00', 7),
       (17, 133, '2023-03-07 18:00:00', 7),
       (17, 134, '2023-03-07 18:00:00', 7),
       (17, 135, '2023-03-07 18:00:00', 7),
       (17, 136, '2023-03-07 18:00:00', 7),
       (17, 137, '2023-03-07 18:00:00', 7),
       (17, 138, '2023-03-07 18:00:00', 7),
       (17, 139, '2023-03-07 18:00:00', 7),
       (17, 140, '2023-03-07 18:00:00', 7),
       (17, 141, '2023-03-07 18:00:00', 7),
       (17, 142, '2023-03-07 18:00:00', 7),
       (17, 143, '2023-03-07 18:00:00', 7),
       (17, 144, '2023-03-07 18:00:00', 7),
       (17, 145, '2023-03-07 18:00:00', 7),
       (17, 146, '2023-03-07 18:00:00', 7),
       (17, 147, '2023-03-07 18:00:00', 7),
       (17, 148, '2023-03-07 18:00:00', 7),
       (17, 149, '2023-03-07 18:00:00', 7),
       (17, 150, '2023-03-07 18:00:00', 7),
       (17, 151, '2023-03-07 18:00:00', 7),
       (17, 152, '2023-03-07 18:00:00', 7),
       (17, 153, '2023-03-07 18:00:00', 7),
       (17, 154, '2023-03-07 18:00:00', 7),
       (17, 155, '2023-03-07 18:00:00', 7),
       (17, 156, '2023-03-07 18:00:00', 7),
       (17, 157, '2023-03-07 18:00:00', 7),
       (17, 158, '2023-03-07 18:00:00', 7),
       (17, 159, '2023-03-07 18:00:00', 7),
       (17, 160, '2023-03-07 18:00:00', 7),
       (17, 161, '2023-03-07 18:00:00', 7),
       (17, 162, '2023-03-07 18:00:00', 7),
       (17, 163, '2023-03-07 18:00:00', 7),
       (17, 164, '2023-03-07 18:00:00', 7),
       (17, 165, '2023-03-07 18:00:00', 7),
       (17, 166, '2023-03-07 18:00:00', 7),
       (17, 167, '2023-03-07 18:00:00', 7),
       (17, 168, '2023-03-07 18:00:00', 7),
       (17, 169, '2023-03-07 18:00:00', 7),
       (17, 170, '2023-03-07 18:00:00', 7),
       (17, 171, '2023-03-07 18:00:00', 7),
       (17, 172, '2023-03-07 18:00:00', 7),
       (17, 173, '2023-03-07 18:00:00', 7),
       (17, 174, '2023-03-07 18:00:00', 7),
       (17, 175, '2023-03-07 18:00:00', 7),
       (17, 176, '2023-03-07 18:00:00', 7),
       (17, 177, '2023-03-07 18:00:00', 7),
       (17, 178, '2023-03-07 18:00:00', 7),
       (17, 179, '2023-03-07 18:00:00', 7),
       (17, 180, '2023-03-07 18:00:00', 7),
       (17, 181, '2023-03-07 18:00:00', 7),
       (17, 182, '2023-03-07 18:00:00', 7),
       (17, 183, '2023-03-07 18:00:00', 7),
       (17, 184, '2023-03-07 18:00:00', 7),
       (17, 185, '2023-03-07 18:00:00', 7),
       (17, 186, '2023-03-07 18:00:00', 7),
       (17, 187, '2023-03-07 18:00:00', 7),
       (17, 188, '2023-03-07 18:00:00', 7),
       (17, 189, '2023-03-07 18:00:00', 7),
       (17, 190, '2023-03-07 18:00:00', 7),
       (17, 191, '2023-03-07 18:00:00', 7),
       (17, 192, '2023-03-07 18:00:00', 7),
       (17, 193, '2023-03-07 18:00:00', 7),
       (17, 194, '2023-03-07 18:00:00', 7),
       (17, 195, '2023-03-07 18:00:00', 7),
       (17, 196, '2023-03-07 18:00:00', 7),
       (17, 197, '2023-03-07 18:00:00', 7),
       (17, 198, '2023-03-07 18:00:00', 7),
       (17, 199, '2023-03-07 18:00:00', 7),
       (17, 200, '2023-03-07 18:00:00', 7),
       (16, 1, '2023-03-07 21:00:00', 8),
       (16, 2, '2023-03-07 21:00:00', 8),
       (16, 3, '2023-03-07 21:00:00', 8),
       (16, 4, '2023-03-07 21:00:00', 8),
       (16, 5, '2023-03-07 21:00:00', 8),
       (16, 6, '2023-03-07 21:00:00', 8),
       (16, 7, '2023-03-07 21:00:00', 8),
       (16, 8, '2023-03-07 21:00:00', 8),
       (16, 9, '2023-03-07 21:00:00', 8),
       (16, 10, '2023-03-07 21:00:00', 8),
       (16, 11, '2023-03-07 21:00:00', 8),
       (16, 12, '2023-03-07 21:00:00', 8),
       (16, 13, '2023-03-07 21:00:00', 8),
       (16, 14, '2023-03-07 21:00:00', 8),
       (16, 15, '2023-03-07 21:00:00', 8),
       (16, 16, '2023-03-07 21:00:00', 8),
       (16, 17, '2023-03-07 21:00:00', 8),
       (16, 18, '2023-03-07 21:00:00', 8),
       (16, 19, '2023-03-07 21:00:00', 8),
       (16, 20, '2023-03-07 21:00:00', 8),
       (16, 21, '2023-03-07 21:00:00', 8),
       (16, 22, '2023-03-07 21:00:00', 8),
       (16, 23, '2023-03-07 21:00:00', 8),
       (16, 24, '2023-03-07 21:00:00', 8),
       (16, 25, '2023-03-07 21:00:00', 8),
       (16, 26, '2023-03-07 21:00:00', 8),
       (16, 27, '2023-03-07 21:00:00', 8),
       (16, 28, '2023-03-07 21:00:00', 8),
       (16, 29, '2023-03-07 21:00:00', 8),
       (16, 30, '2023-03-07 21:00:00', 8),
       (16, 31, '2023-03-07 21:00:00', 8),
       (16, 32, '2023-03-07 21:00:00', 8),
       (16, 33, '2023-03-07 21:00:00', 8),
       (16, 34, '2023-03-07 21:00:00', 8),
       (16, 35, '2023-03-07 21:00:00', 8),
       (16, 36, '2023-03-07 21:00:00', 8),
       (16, 37, '2023-03-07 21:00:00', 8),
       (16, 38, '2023-03-07 21:00:00', 8),
       (16, 39, '2023-03-07 21:00:00', 8),
       (16, 40, '2023-03-07 21:00:00', 8),
       (16, 41, '2023-03-07 21:00:00', 8),
       (16, 42, '2023-03-07 21:00:00', 8),
       (16, 43, '2023-03-07 21:00:00', 8),
       (16, 44, '2023-03-07 21:00:00', 8),
       (16, 45, '2023-03-07 21:00:00', 8),
       (16, 46, '2023-03-07 21:00:00', 8),
       (16, 47, '2023-03-07 21:00:00', 8),
       (16, 48, '2023-03-07 21:00:00', 8),
       (16, 49, '2023-03-07 21:00:00', 8),
       (16, 50, '2023-03-07 21:00:00', 8),
       (16, 51, '2023-03-07 21:00:00', 8),
       (16, 52, '2023-03-07 21:00:00', 8),
       (16, 53, '2023-03-07 21:00:00', 8),
       (16, 54, '2023-03-07 21:00:00', 8),
       (16, 55, '2023-03-07 21:00:00', 8),
       (16, 56, '2023-03-07 21:00:00', 8),
       (16, 57, '2023-03-07 21:00:00', 8),
       (16, 58, '2023-03-07 21:00:00', 8),
       (16, 59, '2023-03-07 21:00:00', 8),
       (16, 60, '2023-03-07 21:00:00', 8),
       (16, 61, '2023-03-07 21:00:00', 8),
       (16, 62, '2023-03-07 21:00:00', 8),
       (16, 63, '2023-03-07 21:00:00', 8),
       (16, 64, '2023-03-07 21:00:00', 8),
       (16, 65, '2023-03-07 21:00:00', 8),
       (16, 66, '2023-03-07 21:00:00', 8),
       (16, 67, '2023-03-07 21:00:00', 8),
       (16, 68, '2023-03-07 21:00:00', 8),
       (16, 69, '2023-03-07 21:00:00', 8),
       (16, 70, '2023-03-07 21:00:00', 8),
       (16, 71, '2023-03-07 21:00:00', 8),
       (16, 72, '2023-03-07 21:00:00', 8),
       (16, 73, '2023-03-07 21:00:00', 8),
       (16, 74, '2023-03-07 21:00:00', 8),
       (16, 75, '2023-03-07 21:00:00', 8),
       (16, 76, '2023-03-07 21:00:00', 8),
       (16, 77, '2023-03-07 21:00:00', 8),
       (16, 78, '2023-03-07 21:00:00', 8),
       (16, 79, '2023-03-07 21:00:00', 8),
       (16, 80, '2023-03-07 21:00:00', 8),
       (16, 1, '2023-03-08 12:00:00', 9),
       (16, 2, '2023-03-08 12:00:00', 9),
       (16, 3, '2023-03-08 12:00:00', 9),
       (16, 4, '2023-03-08 12:00:00', 9),
       (16, 5, '2023-03-08 12:00:00', 9),
       (16, 6, '2023-03-08 12:00:00', 9),
       (16, 7, '2023-03-08 12:00:00', 9),
       (16, 8, '2023-03-08 12:00:00', 9),
       (16, 9, '2023-03-08 12:00:00', 9),
       (16, 10, '2023-03-08 12:00:00', 9),
       (16, 11, '2023-03-08 12:00:00', 9),
       (16, 12, '2023-03-08 12:00:00', 9),
       (16, 13, '2023-03-08 12:00:00', 9),
       (16, 14, '2023-03-08 12:00:00', 9),
       (16, 15, '2023-03-08 12:00:00', 9),
       (16, 16, '2023-03-08 12:00:00', 9),
       (16, 17, '2023-03-08 12:00:00', 9),
       (16, 18, '2023-03-08 12:00:00', 9),
       (16, 19, '2023-03-08 12:00:00', 9),
       (16, 20, '2023-03-08 12:00:00', 9),
       (16, 21, '2023-03-08 12:00:00', 9),
       (16, 22, '2023-03-08 12:00:00', 9),
       (16, 23, '2023-03-08 12:00:00', 9),
       (16, 24, '2023-03-08 12:00:00', 9),
       (16, 25, '2023-03-08 12:00:00', 9),
       (16, 26, '2023-03-08 12:00:00', 9),
       (16, 27, '2023-03-08 12:00:00', 9),
       (16, 28, '2023-03-08 12:00:00', 9),
       (16, 29, '2023-03-08 12:00:00', 9),
       (16, 30, '2023-03-08 12:00:00', 9),
       (16, 31, '2023-03-08 12:00:00', 9),
       (16, 32, '2023-03-08 12:00:00', 9),
       (16, 33, '2023-03-08 12:00:00', 9),
       (16, 34, '2023-03-08 12:00:00', 9),
       (16, 35, '2023-03-08 12:00:00', 9),
       (16, 36, '2023-03-08 12:00:00', 9),
       (16, 37, '2023-03-08 12:00:00', 9),
       (16, 38, '2023-03-08 12:00:00', 9),
       (16, 39, '2023-03-08 12:00:00', 9),
       (16, 40, '2023-03-08 12:00:00', 9),
       (16, 41, '2023-03-08 12:00:00', 9),
       (16, 42, '2023-03-08 12:00:00', 9),
       (16, 43, '2023-03-08 12:00:00', 9),
       (16, 44, '2023-03-08 12:00:00', 9),
       (16, 45, '2023-03-08 12:00:00', 9),
       (16, 46, '2023-03-08 12:00:00', 9),
       (16, 47, '2023-03-08 12:00:00', 9),
       (16, 48, '2023-03-08 12:00:00', 9),
       (16, 49, '2023-03-08 12:00:00', 9),
       (16, 50, '2023-03-08 12:00:00', 9),
       (16, 51, '2023-03-08 12:00:00', 9),
       (16, 52, '2023-03-08 12:00:00', 9),
       (16, 53, '2023-03-08 12:00:00', 9),
       (16, 54, '2023-03-08 12:00:00', 9),
       (16, 55, '2023-03-08 12:00:00', 9),
       (16, 56, '2023-03-08 12:00:00', 9),
       (16, 57, '2023-03-08 12:00:00', 9),
       (16, 58, '2023-03-08 12:00:00', 9),
       (16, 59, '2023-03-08 12:00:00', 9),
       (16, 60, '2023-03-08 12:00:00', 9),
       (16, 61, '2023-03-08 12:00:00', 9),
       (16, 62, '2023-03-08 12:00:00', 9),
       (16, 63, '2023-03-08 12:00:00', 9),
       (16, 64, '2023-03-08 12:00:00', 9),
       (16, 65, '2023-03-08 12:00:00', 9),
       (16, 66, '2023-03-08 12:00:00', 9),
       (16, 67, '2023-03-08 12:00:00', 9),
       (16, 68, '2023-03-08 12:00:00', 9),
       (16, 69, '2023-03-08 12:00:00', 9),
       (16, 70, '2023-03-08 12:00:00', 9),
       (16, 71, '2023-03-08 12:00:00', 9),
       (16, 72, '2023-03-08 12:00:00', 9),
       (16, 73, '2023-03-08 12:00:00', 9),
       (16, 74, '2023-03-08 12:00:00', 9),
       (16, 75, '2023-03-08 12:00:00', 9),
       (16, 76, '2023-03-08 12:00:00', 9),
       (16, 77, '2023-03-08 12:00:00', 9),
       (16, 78, '2023-03-08 12:00:00', 9),
       (16, 79, '2023-03-08 12:00:00', 9),
       (16, 80, '2023-03-08 12:00:00', 9),
       (16, 81, '2023-03-08 12:00:00', 9),
       (16, 82, '2023-03-08 12:00:00', 9),
       (16, 83, '2023-03-08 12:00:00', 9),
       (16, 84, '2023-03-08 12:00:00', 9),
       (16, 85, '2023-03-08 12:00:00', 9),
       (16, 86, '2023-03-08 12:00:00', 9),
       (16, 87, '2023-03-08 12:00:00', 9),
       (16, 88, '2023-03-08 12:00:00', 9),
       (16, 89, '2023-03-08 12:00:00', 9),
       (16, 90, '2023-03-08 12:00:00', 9),
       (16, 91, '2023-03-08 12:00:00', 9),
       (16, 92, '2023-03-08 12:00:00', 9),
       (16, 93, '2023-03-08 12:00:00', 9),
       (16, 94, '2023-03-08 12:00:00', 9),
       (16, 95, '2023-03-08 12:00:00', 9),
       (16, 96, '2023-03-08 12:00:00', 9),
       (16, 97, '2023-03-08 12:00:00', 9),
       (16, 98, '2023-03-08 12:00:00', 9),
       (16, 99, '2023-03-08 12:00:00', 9),
       (16, 100, '2023-03-08 12:00:00', 9),
       (16, 101, '2023-03-08 12:00:00', 9),
       (16, 102, '2023-03-08 12:00:00', 9),
       (16, 103, '2023-03-08 12:00:00', 9),
       (16, 104, '2023-03-08 12:00:00', 9),
       (16, 105, '2023-03-08 12:00:00', 9),
       (16, 106, '2023-03-08 12:00:00', 9),
       (16, 107, '2023-03-08 12:00:00', 9),
       (16, 108, '2023-03-08 12:00:00', 9),
       (16, 109, '2023-03-08 12:00:00', 9),
       (16, 110, '2023-03-08 12:00:00', 9),
       (16, 111, '2023-03-08 12:00:00', 9),
       (16, 112, '2023-03-08 12:00:00', 9),
       (16, 113, '2023-03-08 12:00:00', 9),
       (16, 114, '2023-03-08 12:00:00', 9),
       (16, 115, '2023-03-08 12:00:00', 9),
       (16, 116, '2023-03-08 12:00:00', 9),
       (16, 117, '2023-03-08 12:00:00', 9),
       (16, 118, '2023-03-08 12:00:00', 9),
       (16, 119, '2023-03-08 12:00:00', 9),
       (16, 120, '2023-03-08 12:00:00', 9),
       (16, 121, '2023-03-08 12:00:00', 9),
       (16, 122, '2023-03-08 12:00:00', 9),
       (16, 123, '2023-03-08 12:00:00', 9),
       (16, 124, '2023-03-08 12:00:00', 9),
       (16, 125, '2023-03-08 12:00:00', 9),
       (16, 126, '2023-03-08 12:00:00', 9),
       (16, 127, '2023-03-08 12:00:00', 9),
       (16, 128, '2023-03-08 12:00:00', 9),
       (16, 129, '2023-03-08 12:00:00', 9),
       (16, 130, '2023-03-08 12:00:00', 9),
       (17, 1, '2023-03-08 15:00:00', 10),
       (17, 2, '2023-03-08 15:00:00', 10),
       (17, 3, '2023-03-08 15:00:00', 10),
       (17, 4, '2023-03-08 15:00:00', 10),
       (17, 5, '2023-03-08 15:00:00', 10),
       (17, 6, '2023-03-08 15:00:00', 10),
       (17, 7, '2023-03-08 15:00:00', 10),
       (17, 8, '2023-03-08 15:00:00', 10),
       (17, 9, '2023-03-08 15:00:00', 10),
       (17, 10, '2023-03-08 15:00:00', 10),
       (17, 11, '2023-03-08 15:00:00', 10),
       (17, 12, '2023-03-08 15:00:00', 10),
       (17, 13, '2023-03-08 15:00:00', 10),
       (17, 14, '2023-03-08 15:00:00', 10),
       (17, 15, '2023-03-08 15:00:00', 10),
       (17, 16, '2023-03-08 15:00:00', 10),
       (17, 17, '2023-03-08 15:00:00', 10),
       (17, 18, '2023-03-08 15:00:00', 10),
       (17, 19, '2023-03-08 15:00:00', 10),
       (17, 20, '2023-03-08 15:00:00', 10),
       (17, 21, '2023-03-08 15:00:00', 10),
       (17, 22, '2023-03-08 15:00:00', 10),
       (17, 23, '2023-03-08 15:00:00', 10),
       (17, 24, '2023-03-08 15:00:00', 10),
       (17, 25, '2023-03-08 15:00:00', 10),
       (17, 26, '2023-03-08 15:00:00', 10),
       (17, 27, '2023-03-08 15:00:00', 10),
       (17, 28, '2023-03-08 15:00:00', 10),
       (17, 29, '2023-03-08 15:00:00', 10),
       (17, 30, '2023-03-08 15:00:00', 10),
       (17, 31, '2023-03-08 15:00:00', 10),
       (17, 32, '2023-03-08 15:00:00', 10),
       (17, 33, '2023-03-08 15:00:00', 10),
       (17, 34, '2023-03-08 15:00:00', 10),
       (17, 35, '2023-03-08 15:00:00', 10),
       (17, 36, '2023-03-08 15:00:00', 10),
       (17, 37, '2023-03-08 15:00:00', 10),
       (17, 38, '2023-03-08 15:00:00', 10),
       (17, 39, '2023-03-08 15:00:00', 10),
       (17, 40, '2023-03-08 15:00:00', 10),
       (17, 41, '2023-03-08 15:00:00', 10),
       (17, 42, '2023-03-08 15:00:00', 10),
       (17, 43, '2023-03-08 15:00:00', 10),
       (17, 44, '2023-03-08 15:00:00', 10),
       (17, 45, '2023-03-08 15:00:00', 10),
       (17, 46, '2023-03-08 15:00:00', 10),
       (17, 47, '2023-03-08 15:00:00', 10),
       (17, 48, '2023-03-08 15:00:00', 10),
       (17, 49, '2023-03-08 15:00:00', 10),
       (17, 50, '2023-03-08 15:00:00', 10),
       (17, 51, '2023-03-08 15:00:00', 10),
       (17, 52, '2023-03-08 15:00:00', 10),
       (17, 53, '2023-03-08 15:00:00', 10),
       (17, 54, '2023-03-08 15:00:00', 10),
       (17, 55, '2023-03-08 15:00:00', 10),
       (17, 56, '2023-03-08 15:00:00', 10),
       (17, 57, '2023-03-08 15:00:00', 10),
       (17, 58, '2023-03-08 15:00:00', 10),
       (17, 59, '2023-03-08 15:00:00', 10),
       (17, 60, '2023-03-08 15:00:00', 10),
       (17, 61, '2023-03-08 15:00:00', 10),
       (17, 62, '2023-03-08 15:00:00', 10),
       (17, 63, '2023-03-08 15:00:00', 10),
       (17, 64, '2023-03-08 15:00:00', 10),
       (17, 65, '2023-03-08 15:00:00', 10),
       (17, 66, '2023-03-08 15:00:00', 10),
       (17, 67, '2023-03-08 15:00:00', 10),
       (17, 68, '2023-03-08 15:00:00', 10),
       (17, 69, '2023-03-08 15:00:00', 10),
       (17, 70, '2023-03-08 15:00:00', 10),
       (17, 71, '2023-03-08 15:00:00', 10),
       (17, 72, '2023-03-08 15:00:00', 10),
       (17, 73, '2023-03-08 15:00:00', 10),
       (17, 74, '2023-03-08 15:00:00', 10),
       (17, 75, '2023-03-08 15:00:00', 10),
       (17, 76, '2023-03-08 15:00:00', 10),
       (17, 77, '2023-03-08 15:00:00', 10),
       (17, 78, '2023-03-08 15:00:00', 10),
       (17, 79, '2023-03-08 15:00:00', 10),
       (17, 80, '2023-03-08 15:00:00', 10),
       (17, 81, '2023-03-08 15:00:00', 10),
       (17, 82, '2023-03-08 15:00:00', 10),
       (17, 83, '2023-03-08 15:00:00', 10),
       (17, 84, '2023-03-08 15:00:00', 10),
       (17, 85, '2023-03-08 15:00:00', 10),
       (17, 86, '2023-03-08 15:00:00', 10),
       (17, 87, '2023-03-08 15:00:00', 10),
       (17, 88, '2023-03-08 15:00:00', 10),
       (17, 89, '2023-03-08 15:00:00', 10),
       (17, 90, '2023-03-08 15:00:00', 10),
       (17, 91, '2023-03-08 15:00:00', 10),
       (17, 92, '2023-03-08 15:00:00', 10),
       (17, 93, '2023-03-08 15:00:00', 10),
       (17, 94, '2023-03-08 15:00:00', 10),
       (17, 95, '2023-03-08 15:00:00', 10),
       (17, 96, '2023-03-08 15:00:00', 10),
       (17, 97, '2023-03-08 15:00:00', 10),
       (17, 98, '2023-03-08 15:00:00', 10),
       (17, 99, '2023-03-08 15:00:00', 10),
       (17, 100, '2023-03-08 15:00:00', 10),
       (16, 1, '2023-03-08 18:00:00', 1),
       (16, 2, '2023-03-08 18:00:00', 1),
       (16, 3, '2023-03-08 18:00:00', 1),
       (16, 4, '2023-03-08 18:00:00', 1),
       (16, 5, '2023-03-08 18:00:00', 1),
       (16, 6, '2023-03-08 18:00:00', 1),
       (16, 7, '2023-03-08 18:00:00', 1),
       (16, 8, '2023-03-08 18:00:00', 1),
       (16, 9, '2023-03-08 18:00:00', 1),
       (16, 10, '2023-03-08 18:00:00', 1),
       (16, 11, '2023-03-08 18:00:00', 1),
       (16, 12, '2023-03-08 18:00:00', 1),
       (16, 13, '2023-03-08 18:00:00', 1),
       (16, 14, '2023-03-08 18:00:00', 1),
       (16, 15, '2023-03-08 18:00:00', 1),
       (16, 16, '2023-03-08 18:00:00', 1),
       (16, 17, '2023-03-08 18:00:00', 1),
       (16, 18, '2023-03-08 18:00:00', 1),
       (16, 19, '2023-03-08 18:00:00', 1),
       (16, 20, '2023-03-08 18:00:00', 1),
       (16, 21, '2023-03-08 18:00:00', 1),
       (16, 22, '2023-03-08 18:00:00', 1),
       (16, 23, '2023-03-08 18:00:00', 1),
       (16, 24, '2023-03-08 18:00:00', 1),
       (16, 25, '2023-03-08 18:00:00', 1),
       (16, 26, '2023-03-08 18:00:00', 1),
       (16, 27, '2023-03-08 18:00:00', 1),
       (16, 28, '2023-03-08 18:00:00', 1),
       (16, 29, '2023-03-08 18:00:00', 1),
       (16, 30, '2023-03-08 18:00:00', 1),
       (16, 31, '2023-03-08 18:00:00', 1),
       (16, 32, '2023-03-08 18:00:00', 1),
       (16, 33, '2023-03-08 18:00:00', 1),
       (16, 34, '2023-03-08 18:00:00', 1),
       (16, 35, '2023-03-08 18:00:00', 1),
       (16, 36, '2023-03-08 18:00:00', 1),
       (16, 37, '2023-03-08 18:00:00', 1),
       (16, 38, '2023-03-08 18:00:00', 1),
       (16, 39, '2023-03-08 18:00:00', 1),
       (16, 40, '2023-03-08 18:00:00', 1),
       (16, 41, '2023-03-08 18:00:00', 1),
       (16, 42, '2023-03-08 18:00:00', 1),
       (16, 43, '2023-03-08 18:00:00', 1),
       (16, 44, '2023-03-08 18:00:00', 1),
       (16, 45, '2023-03-08 18:00:00', 1),
       (16, 46, '2023-03-08 18:00:00', 1),
       (16, 47, '2023-03-08 18:00:00', 1),
       (16, 48, '2023-03-08 18:00:00', 1),
       (16, 49, '2023-03-08 18:00:00', 1),
       (16, 50, '2023-03-08 18:00:00', 1),
       (16, 51, '2023-03-08 18:00:00', 1),
       (16, 52, '2023-03-08 18:00:00', 1),
       (16, 53, '2023-03-08 18:00:00', 1),
       (16, 54, '2023-03-08 18:00:00', 1),
       (16, 55, '2023-03-08 18:00:00', 1),
       (16, 56, '2023-03-08 18:00:00', 1),
       (16, 57, '2023-03-08 18:00:00', 1),
       (16, 58, '2023-03-08 18:00:00', 1),
       (16, 59, '2023-03-08 18:00:00', 1),
       (16, 60, '2023-03-08 18:00:00', 1),
       (16, 61, '2023-03-08 18:00:00', 1),
       (16, 62, '2023-03-08 18:00:00', 1),
       (16, 63, '2023-03-08 18:00:00', 1),
       (16, 64, '2023-03-08 18:00:00', 1),
       (16, 65, '2023-03-08 18:00:00', 1),
       (16, 66, '2023-03-08 18:00:00', 1),
       (16, 67, '2023-03-08 18:00:00', 1),
       (16, 68, '2023-03-08 18:00:00', 1),
       (16, 69, '2023-03-08 18:00:00', 1),
       (16, 70, '2023-03-08 18:00:00', 1),
       (16, 71, '2023-03-08 18:00:00', 1),
       (16, 72, '2023-03-08 18:00:00', 1),
       (16, 73, '2023-03-08 18:00:00', 1),
       (16, 74, '2023-03-08 18:00:00', 1),
       (16, 75, '2023-03-08 18:00:00', 1),
       (16, 76, '2023-03-08 18:00:00', 1),
       (16, 77, '2023-03-08 18:00:00', 1),
       (16, 78, '2023-03-08 18:00:00', 1),
       (16, 79, '2023-03-08 18:00:00', 1),
       (16, 80, '2023-03-08 18:00:00', 1),
       (16, 81, '2023-03-08 18:00:00', 1),
       (16, 82, '2023-03-08 18:00:00', 1),
       (16, 83, '2023-03-08 18:00:00', 1),
       (16, 84, '2023-03-08 18:00:00', 1),
       (16, 85, '2023-03-08 18:00:00', 1),
       (16, 86, '2023-03-08 18:00:00', 1),
       (16, 87, '2023-03-08 18:00:00', 1),
       (16, 88, '2023-03-08 18:00:00', 1),
       (16, 89, '2023-03-08 18:00:00', 1),
       (16, 90, '2023-03-08 18:00:00', 1),
       (16, 91, '2023-03-08 18:00:00', 1),
       (16, 92, '2023-03-08 18:00:00', 1),
       (16, 93, '2023-03-08 18:00:00', 1),
       (16, 94, '2023-03-08 18:00:00', 1),
       (16, 95, '2023-03-08 18:00:00', 1),
       (16, 96, '2023-03-08 18:00:00', 1),
       (16, 97, '2023-03-08 18:00:00', 1),
       (16, 98, '2023-03-08 18:00:00', 1),
       (16, 99, '2023-03-08 18:00:00', 1),
       (16, 100, '2023-03-08 18:00:00', 1),
       (16, 1, '2023-03-08 21:00:00', 2),
       (16, 2, '2023-03-08 21:00:00', 2),
       (16, 3, '2023-03-08 21:00:00', 2),
       (16, 4, '2023-03-08 21:00:00', 2),
       (16, 5, '2023-03-08 21:00:00', 2),
       (16, 6, '2023-03-08 21:00:00', 2),
       (16, 7, '2023-03-08 21:00:00', 2),
       (16, 8, '2023-03-08 21:00:00', 2),
       (16, 9, '2023-03-08 21:00:00', 2),
       (16, 10, '2023-03-08 21:00:00', 2),
       (16, 11, '2023-03-08 21:00:00', 2),
       (16, 12, '2023-03-08 21:00:00', 2),
       (16, 13, '2023-03-08 21:00:00', 2),
       (16, 14, '2023-03-08 21:00:00', 2),
       (16, 15, '2023-03-08 21:00:00', 2),
       (16, 16, '2023-03-08 21:00:00', 2),
       (16, 17, '2023-03-08 21:00:00', 2),
       (16, 18, '2023-03-08 21:00:00', 2),
       (16, 19, '2023-03-08 21:00:00', 2),
       (16, 20, '2023-03-08 21:00:00', 2),
       (16, 21, '2023-03-08 21:00:00', 2),
       (16, 22, '2023-03-08 21:00:00', 2),
       (16, 23, '2023-03-08 21:00:00', 2),
       (16, 24, '2023-03-08 21:00:00', 2),
       (16, 25, '2023-03-08 21:00:00', 2),
       (16, 26, '2023-03-08 21:00:00', 2),
       (16, 27, '2023-03-08 21:00:00', 2),
       (16, 28, '2023-03-08 21:00:00', 2),
       (16, 29, '2023-03-08 21:00:00', 2),
       (16, 30, '2023-03-08 21:00:00', 2),
       (16, 31, '2023-03-08 21:00:00', 2),
       (16, 32, '2023-03-08 21:00:00', 2),
       (16, 33, '2023-03-08 21:00:00', 2),
       (16, 34, '2023-03-08 21:00:00', 2),
       (16, 35, '2023-03-08 21:00:00', 2),
       (16, 36, '2023-03-08 21:00:00', 2),
       (16, 37, '2023-03-08 21:00:00', 2),
       (16, 38, '2023-03-08 21:00:00', 2),
       (16, 39, '2023-03-08 21:00:00', 2),
       (16, 40, '2023-03-08 21:00:00', 2),
       (16, 41, '2023-03-08 21:00:00', 2),
       (16, 42, '2023-03-08 21:00:00', 2),
       (16, 43, '2023-03-08 21:00:00', 2),
       (16, 44, '2023-03-08 21:00:00', 2),
       (16, 45, '2023-03-08 21:00:00', 2),
       (16, 46, '2023-03-08 21:00:00', 2),
       (16, 47, '2023-03-08 21:00:00', 2),
       (16, 48, '2023-03-08 21:00:00', 2),
       (16, 49, '2023-03-08 21:00:00', 2),
       (16, 50, '2023-03-08 21:00:00', 2),
       (16, 51, '2023-03-08 21:00:00', 2),
       (16, 52, '2023-03-08 21:00:00', 2),
       (16, 53, '2023-03-08 21:00:00', 2),
       (16, 54, '2023-03-08 21:00:00', 2),
       (16, 55, '2023-03-08 21:00:00', 2),
       (16, 56, '2023-03-08 21:00:00', 2),
       (16, 57, '2023-03-08 21:00:00', 2),
       (16, 58, '2023-03-08 21:00:00', 2),
       (16, 59, '2023-03-08 21:00:00', 2),
       (16, 60, '2023-03-08 21:00:00', 2),
       (16, 61, '2023-03-08 21:00:00', 2),
       (16, 62, '2023-03-08 21:00:00', 2),
       (16, 63, '2023-03-08 21:00:00', 2),
       (16, 64, '2023-03-08 21:00:00', 2),
       (16, 65, '2023-03-08 21:00:00', 2),
       (16, 66, '2023-03-08 21:00:00', 2),
       (16, 67, '2023-03-08 21:00:00', 2),
       (16, 68, '2023-03-08 21:00:00', 2),
       (16, 69, '2023-03-08 21:00:00', 2),
       (16, 70, '2023-03-08 21:00:00', 2),
       (16, 71, '2023-03-08 21:00:00', 2),
       (16, 72, '2023-03-08 21:00:00', 2),
       (16, 73, '2023-03-08 21:00:00', 2),
       (16, 74, '2023-03-08 21:00:00', 2),
       (16, 75, '2023-03-08 21:00:00', 2),
       (17, 1, '2023-03-09 12:00:00', 3),
       (17, 2, '2023-03-09 12:00:00', 3),
       (17, 3, '2023-03-09 12:00:00', 3),
       (17, 4, '2023-03-09 12:00:00', 3),
       (17, 5, '2023-03-09 12:00:00', 3),
       (17, 6, '2023-03-09 12:00:00', 3),
       (17, 7, '2023-03-09 12:00:00', 3),
       (17, 8, '2023-03-09 12:00:00', 3),
       (17, 9, '2023-03-09 12:00:00', 3),
       (17, 10, '2023-03-09 12:00:00', 3),
       (17, 11, '2023-03-09 12:00:00', 3),
       (17, 12, '2023-03-09 12:00:00', 3),
       (17, 13, '2023-03-09 12:00:00', 3),
       (17, 14, '2023-03-09 12:00:00', 3),
       (17, 15, '2023-03-09 12:00:00', 3),
       (17, 16, '2023-03-09 12:00:00', 3),
       (17, 17, '2023-03-09 12:00:00', 3),
       (17, 18, '2023-03-09 12:00:00', 3),
       (17, 19, '2023-03-09 12:00:00', 3),
       (17, 20, '2023-03-09 12:00:00', 3),
       (17, 21, '2023-03-09 12:00:00', 3),
       (17, 22, '2023-03-09 12:00:00', 3),
       (17, 23, '2023-03-09 12:00:00', 3),
       (17, 24, '2023-03-09 12:00:00', 3),
       (17, 25, '2023-03-09 12:00:00', 3),
       (17, 26, '2023-03-09 12:00:00', 3),
       (17, 27, '2023-03-09 12:00:00', 3),
       (17, 28, '2023-03-09 12:00:00', 3),
       (17, 29, '2023-03-09 12:00:00', 3),
       (17, 30, '2023-03-09 12:00:00', 3),
       (17, 31, '2023-03-09 12:00:00', 3),
       (17, 32, '2023-03-09 12:00:00', 3),
       (17, 33, '2023-03-09 12:00:00', 3),
       (17, 34, '2023-03-09 12:00:00', 3),
       (17, 35, '2023-03-09 12:00:00', 3),
       (17, 36, '2023-03-09 12:00:00', 3),
       (17, 37, '2023-03-09 12:00:00', 3),
       (17, 38, '2023-03-09 12:00:00', 3),
       (17, 39, '2023-03-09 12:00:00', 3),
       (17, 40, '2023-03-09 12:00:00', 3),
       (17, 41, '2023-03-09 12:00:00', 3),
       (17, 42, '2023-03-09 12:00:00', 3),
       (17, 43, '2023-03-09 12:00:00', 3),
       (17, 44, '2023-03-09 12:00:00', 3),
       (17, 45, '2023-03-09 12:00:00', 3),
       (17, 46, '2023-03-09 12:00:00', 3),
       (17, 47, '2023-03-09 12:00:00', 3),
       (17, 48, '2023-03-09 12:00:00', 3),
       (17, 49, '2023-03-09 12:00:00', 3),
       (17, 50, '2023-03-09 12:00:00', 3),
       (17, 51, '2023-03-09 12:00:00', 3),
       (17, 52, '2023-03-09 12:00:00', 3),
       (17, 53, '2023-03-09 12:00:00', 3),
       (17, 54, '2023-03-09 12:00:00', 3),
       (17, 55, '2023-03-09 12:00:00', 3),
       (17, 56, '2023-03-09 12:00:00', 3),
       (17, 57, '2023-03-09 12:00:00', 3),
       (17, 58, '2023-03-09 12:00:00', 3),
       (17, 59, '2023-03-09 12:00:00', 3),
       (17, 60, '2023-03-09 12:00:00', 3),
       (17, 61, '2023-03-09 12:00:00', 3),
       (17, 62, '2023-03-09 12:00:00', 3),
       (17, 63, '2023-03-09 12:00:00', 3),
       (17, 64, '2023-03-09 12:00:00', 3),
       (17, 65, '2023-03-09 12:00:00', 3),
       (17, 66, '2023-03-09 12:00:00', 3),
       (17, 67, '2023-03-09 12:00:00', 3),
       (17, 68, '2023-03-09 12:00:00', 3),
       (17, 69, '2023-03-09 12:00:00', 3),
       (17, 70, '2023-03-09 12:00:00', 3),
       (17, 71, '2023-03-09 12:00:00', 3),
       (17, 72, '2023-03-09 12:00:00', 3),
       (17, 73, '2023-03-09 12:00:00', 3),
       (17, 74, '2023-03-09 12:00:00', 3),
       (17, 75, '2023-03-09 12:00:00', 3),
       (17, 76, '2023-03-09 12:00:00', 3),
       (17, 77, '2023-03-09 12:00:00', 3),
       (17, 78, '2023-03-09 12:00:00', 3),
       (17, 79, '2023-03-09 12:00:00', 3),
       (17, 80, '2023-03-09 12:00:00', 3),
       (17, 81, '2023-03-09 12:00:00', 3),
       (17, 82, '2023-03-09 12:00:00', 3),
       (17, 83, '2023-03-09 12:00:00', 3),
       (17, 84, '2023-03-09 12:00:00', 3),
       (17, 85, '2023-03-09 12:00:00', 3),
       (17, 86, '2023-03-09 12:00:00', 3),
       (17, 87, '2023-03-09 12:00:00', 3),
       (17, 88, '2023-03-09 12:00:00', 3),
       (17, 89, '2023-03-09 12:00:00', 3),
       (17, 90, '2023-03-09 12:00:00', 3),
       (17, 91, '2023-03-09 12:00:00', 3),
       (17, 92, '2023-03-09 12:00:00', 3),
       (17, 93, '2023-03-09 12:00:00', 3),
       (17, 94, '2023-03-09 12:00:00', 3),
       (17, 95, '2023-03-09 12:00:00', 3),
       (17, 96, '2023-03-09 12:00:00', 3),
       (17, 97, '2023-03-09 12:00:00', 3),
       (17, 98, '2023-03-09 12:00:00', 3),
       (17, 99, '2023-03-09 12:00:00', 3),
       (17, 100, '2023-03-09 12:00:00', 3),
       (17, 101, '2023-03-09 12:00:00', 3),
       (17, 102, '2023-03-09 12:00:00', 3),
       (17, 103, '2023-03-09 12:00:00', 3),
       (17, 104, '2023-03-09 12:00:00', 3),
       (17, 105, '2023-03-09 12:00:00', 3),
       (17, 106, '2023-03-09 12:00:00', 3),
       (17, 107, '2023-03-09 12:00:00', 3),
       (17, 108, '2023-03-09 12:00:00', 3),
       (17, 109, '2023-03-09 12:00:00', 3),
       (17, 110, '2023-03-09 12:00:00', 3),
       (17, 111, '2023-03-09 12:00:00', 3),
       (17, 112, '2023-03-09 12:00:00', 3),
       (17, 113, '2023-03-09 12:00:00', 3),
       (17, 114, '2023-03-09 12:00:00', 3),
       (17, 115, '2023-03-09 12:00:00', 3),
       (17, 116, '2023-03-09 12:00:00', 3),
       (17, 117, '2023-03-09 12:00:00', 3),
       (17, 118, '2023-03-09 12:00:00', 3),
       (17, 119, '2023-03-09 12:00:00', 3),
       (17, 120, '2023-03-09 12:00:00', 3),
       (16, 1, '2023-03-09 15:00:00', 4),
       (16, 2, '2023-03-09 15:00:00', 4),
       (16, 3, '2023-03-09 15:00:00', 4),
       (16, 4, '2023-03-09 15:00:00', 4),
       (16, 5, '2023-03-09 15:00:00', 4),
       (16, 6, '2023-03-09 15:00:00', 4),
       (16, 7, '2023-03-09 15:00:00', 4),
       (16, 8, '2023-03-09 15:00:00', 4),
       (16, 9, '2023-03-09 15:00:00', 4),
       (16, 10, '2023-03-09 15:00:00', 4),
       (16, 11, '2023-03-09 15:00:00', 4),
       (16, 12, '2023-03-09 15:00:00', 4),
       (16, 13, '2023-03-09 15:00:00', 4),
       (16, 14, '2023-03-09 15:00:00', 4),
       (16, 15, '2023-03-09 15:00:00', 4),
       (16, 16, '2023-03-09 15:00:00', 4),
       (16, 17, '2023-03-09 15:00:00', 4),
       (16, 18, '2023-03-09 15:00:00', 4),
       (16, 19, '2023-03-09 15:00:00', 4),
       (16, 20, '2023-03-09 15:00:00', 4),
       (16, 21, '2023-03-09 15:00:00', 4),
       (16, 22, '2023-03-09 15:00:00', 4),
       (16, 23, '2023-03-09 15:00:00', 4),
       (16, 24, '2023-03-09 15:00:00', 4),
       (16, 25, '2023-03-09 15:00:00', 4),
       (16, 26, '2023-03-09 15:00:00', 4),
       (16, 27, '2023-03-09 15:00:00', 4),
       (16, 28, '2023-03-09 15:00:00', 4),
       (16, 29, '2023-03-09 15:00:00', 4),
       (16, 30, '2023-03-09 15:00:00', 4),
       (16, 31, '2023-03-09 15:00:00', 4),
       (16, 32, '2023-03-09 15:00:00', 4),
       (16, 33, '2023-03-09 15:00:00', 4),
       (16, 34, '2023-03-09 15:00:00', 4),
       (16, 35, '2023-03-09 15:00:00', 4),
       (16, 36, '2023-03-09 15:00:00', 4),
       (16, 37, '2023-03-09 15:00:00', 4),
       (16, 38, '2023-03-09 15:00:00', 4),
       (16, 39, '2023-03-09 15:00:00', 4),
       (16, 40, '2023-03-09 15:00:00', 4),
       (16, 41, '2023-03-09 15:00:00', 4),
       (16, 42, '2023-03-09 15:00:00', 4),
       (16, 43, '2023-03-09 15:00:00', 4),
       (16, 44, '2023-03-09 15:00:00', 4),
       (16, 45, '2023-03-09 15:00:00', 4),
       (16, 46, '2023-03-09 15:00:00', 4),
       (16, 47, '2023-03-09 15:00:00', 4),
       (16, 48, '2023-03-09 15:00:00', 4),
       (16, 49, '2023-03-09 15:00:00', 4),
       (16, 50, '2023-03-09 15:00:00', 4),
       (16, 51, '2023-03-09 15:00:00', 4),
       (16, 52, '2023-03-09 15:00:00', 4),
       (16, 53, '2023-03-09 15:00:00', 4),
       (16, 54, '2023-03-09 15:00:00', 4),
       (16, 55, '2023-03-09 15:00:00', 4),
       (16, 56, '2023-03-09 15:00:00', 4),
       (16, 57, '2023-03-09 15:00:00', 4),
       (16, 58, '2023-03-09 15:00:00', 4),
       (16, 59, '2023-03-09 15:00:00', 4),
       (16, 60, '2023-03-09 15:00:00', 4),
       (16, 61, '2023-03-09 15:00:00', 4),
       (16, 62, '2023-03-09 15:00:00', 4),
       (16, 63, '2023-03-09 15:00:00', 4),
       (16, 64, '2023-03-09 15:00:00', 4),
       (16, 65, '2023-03-09 15:00:00', 4),
       (16, 66, '2023-03-09 15:00:00', 4),
       (16, 67, '2023-03-09 15:00:00', 4),
       (16, 68, '2023-03-09 15:00:00', 4),
       (16, 69, '2023-03-09 15:00:00', 4),
       (16, 70, '2023-03-09 15:00:00', 4),
       (16, 71, '2023-03-09 15:00:00', 4),
       (16, 72, '2023-03-09 15:00:00', 4),
       (16, 73, '2023-03-09 15:00:00', 4),
       (16, 74, '2023-03-09 15:00:00', 4),
       (16, 75, '2023-03-09 15:00:00', 4),
       (16, 76, '2023-03-09 15:00:00', 4),
       (16, 77, '2023-03-09 15:00:00', 4),
       (16, 78, '2023-03-09 15:00:00', 4),
       (16, 79, '2023-03-09 15:00:00', 4),
       (16, 80, '2023-03-09 15:00:00', 4),
       (16, 81, '2023-03-09 15:00:00', 4),
       (16, 82, '2023-03-09 15:00:00', 4),
       (16, 83, '2023-03-09 15:00:00', 4),
       (16, 84, '2023-03-09 15:00:00', 4),
       (16, 85, '2023-03-09 15:00:00', 4),
       (16, 86, '2023-03-09 15:00:00', 4),
       (16, 87, '2023-03-09 15:00:00', 4),
       (16, 88, '2023-03-09 15:00:00', 4),
       (16, 89, '2023-03-09 15:00:00', 4),
       (16, 90, '2023-03-09 15:00:00', 4),
       (17, 1, '2023-03-09 18:00:00', 5),
       (17, 2, '2023-03-09 18:00:00', 5),
       (17, 3, '2023-03-09 18:00:00', 5),
       (17, 4, '2023-03-09 18:00:00', 5),
       (17, 5, '2023-03-09 18:00:00', 5),
       (17, 6, '2023-03-09 18:00:00', 5),
       (17, 7, '2023-03-09 18:00:00', 5),
       (17, 8, '2023-03-09 18:00:00', 5),
       (17, 9, '2023-03-09 18:00:00', 5),
       (17, 10, '2023-03-09 18:00:00', 5),
       (17, 11, '2023-03-09 18:00:00', 5),
       (17, 12, '2023-03-09 18:00:00', 5),
       (17, 13, '2023-03-09 18:00:00', 5),
       (17, 14, '2023-03-09 18:00:00', 5),
       (17, 15, '2023-03-09 18:00:00', 5),
       (17, 16, '2023-03-09 18:00:00', 5),
       (17, 17, '2023-03-09 18:00:00', 5),
       (17, 18, '2023-03-09 18:00:00', 5),
       (17, 19, '2023-03-09 18:00:00', 5),
       (17, 20, '2023-03-09 18:00:00', 5),
       (17, 21, '2023-03-09 18:00:00', 5),
       (17, 22, '2023-03-09 18:00:00', 5),
       (17, 23, '2023-03-09 18:00:00', 5),
       (17, 24, '2023-03-09 18:00:00', 5),
       (17, 25, '2023-03-09 18:00:00', 5),
       (17, 26, '2023-03-09 18:00:00', 5),
       (17, 27, '2023-03-09 18:00:00', 5),
       (17, 28, '2023-03-09 18:00:00', 5),
       (17, 29, '2023-03-09 18:00:00', 5),
       (17, 30, '2023-03-09 18:00:00', 5),
       (17, 31, '2023-03-09 18:00:00', 5),
       (17, 32, '2023-03-09 18:00:00', 5),
       (17, 33, '2023-03-09 18:00:00', 5),
       (17, 34, '2023-03-09 18:00:00', 5),
       (17, 35, '2023-03-09 18:00:00', 5),
       (17, 36, '2023-03-09 18:00:00', 5),
       (17, 37, '2023-03-09 18:00:00', 5),
       (17, 38, '2023-03-09 18:00:00', 5),
       (17, 39, '2023-03-09 18:00:00', 5),
       (17, 40, '2023-03-09 18:00:00', 5),
       (17, 41, '2023-03-09 18:00:00', 5),
       (17, 42, '2023-03-09 18:00:00', 5),
       (17, 43, '2023-03-09 18:00:00', 5),
       (17, 44, '2023-03-09 18:00:00', 5),
       (17, 45, '2023-03-09 18:00:00', 5),
       (17, 46, '2023-03-09 18:00:00', 5),
       (17, 47, '2023-03-09 18:00:00', 5),
       (17, 48, '2023-03-09 18:00:00', 5),
       (17, 49, '2023-03-09 18:00:00', 5),
       (17, 50, '2023-03-09 18:00:00', 5),
       (17, 51, '2023-03-09 18:00:00', 5),
       (17, 52, '2023-03-09 18:00:00', 5),
       (17, 53, '2023-03-09 18:00:00', 5),
       (17, 54, '2023-03-09 18:00:00', 5),
       (17, 55, '2023-03-09 18:00:00', 5),
       (17, 56, '2023-03-09 18:00:00', 5),
       (17, 57, '2023-03-09 18:00:00', 5),
       (17, 58, '2023-03-09 18:00:00', 5),
       (17, 59, '2023-03-09 18:00:00', 5),
       (17, 60, '2023-03-09 18:00:00', 5),
       (17, 61, '2023-03-09 18:00:00', 5),
       (17, 62, '2023-03-09 18:00:00', 5),
       (17, 63, '2023-03-09 18:00:00', 5),
       (17, 64, '2023-03-09 18:00:00', 5),
       (17, 65, '2023-03-09 18:00:00', 5),
       (17, 66, '2023-03-09 18:00:00', 5),
       (17, 67, '2023-03-09 18:00:00', 5),
       (17, 68, '2023-03-09 18:00:00', 5),
       (17, 69, '2023-03-09 18:00:00', 5),
       (17, 70, '2023-03-09 18:00:00', 5),
       (17, 71, '2023-03-09 18:00:00', 5),
       (17, 72, '2023-03-09 18:00:00', 5),
       (17, 73, '2023-03-09 18:00:00', 5),
       (17, 74, '2023-03-09 18:00:00', 5),
       (17, 75, '2023-03-09 18:00:00', 5),
       (17, 76, '2023-03-09 18:00:00', 5),
       (17, 77, '2023-03-09 18:00:00', 5),
       (17, 78, '2023-03-09 18:00:00', 5),
       (17, 79, '2023-03-09 18:00:00', 5),
       (17, 80, '2023-03-09 18:00:00', 5),
       (17, 81, '2023-03-09 18:00:00', 5),
       (17, 82, '2023-03-09 18:00:00', 5),
       (17, 83, '2023-03-09 18:00:00', 5),
       (17, 84, '2023-03-09 18:00:00', 5),
       (17, 85, '2023-03-09 18:00:00', 5),
       (17, 86, '2023-03-09 18:00:00', 5),
       (17, 87, '2023-03-09 18:00:00', 5),
       (17, 88, '2023-03-09 18:00:00', 5),
       (17, 89, '2023-03-09 18:00:00', 5),
       (17, 90, '2023-03-09 18:00:00', 5),
       (17, 91, '2023-03-09 18:00:00', 5),
       (17, 92, '2023-03-09 18:00:00', 5),
       (17, 93, '2023-03-09 18:00:00', 5),
       (17, 94, '2023-03-09 18:00:00', 5),
       (17, 95, '2023-03-09 18:00:00', 5),
       (17, 96, '2023-03-09 18:00:00', 5),
       (17, 97, '2023-03-09 18:00:00', 5),
       (17, 98, '2023-03-09 18:00:00', 5),
       (17, 99, '2023-03-09 18:00:00', 5),
       (17, 100, '2023-03-09 18:00:00', 5),
       (17, 101, '2023-03-09 18:00:00', 5),
       (17, 102, '2023-03-09 18:00:00', 5),
       (17, 103, '2023-03-09 18:00:00', 5),
       (17, 104, '2023-03-09 18:00:00', 5),
       (17, 105, '2023-03-09 18:00:00', 5),
       (17, 106, '2023-03-09 18:00:00', 5),
       (17, 107, '2023-03-09 18:00:00', 5),
       (17, 108, '2023-03-09 18:00:00', 5),
       (17, 109, '2023-03-09 18:00:00', 5),
       (17, 110, '2023-03-09 18:00:00', 5),
       (17, 111, '2023-03-09 18:00:00', 5),
       (17, 112, '2023-03-09 18:00:00', 5),
       (17, 113, '2023-03-09 18:00:00', 5),
       (17, 114, '2023-03-09 18:00:00', 5),
       (17, 115, '2023-03-09 18:00:00', 5),
       (17, 116, '2023-03-09 18:00:00', 5),
       (17, 117, '2023-03-09 18:00:00', 5),
       (17, 118, '2023-03-09 18:00:00', 5),
       (17, 119, '2023-03-09 18:00:00', 5),
       (17, 120, '2023-03-09 18:00:00', 5),
       (17, 121, '2023-03-09 18:00:00', 5),
       (17, 122, '2023-03-09 18:00:00', 5),
       (17, 123, '2023-03-09 18:00:00', 5),
       (17, 124, '2023-03-09 18:00:00', 5),
       (17, 125, '2023-03-09 18:00:00', 5),
       (17, 126, '2023-03-09 18:00:00', 5),
       (17, 127, '2023-03-09 18:00:00', 5),
       (17, 128, '2023-03-09 18:00:00', 5),
       (17, 129, '2023-03-09 18:00:00', 5),
       (17, 130, '2023-03-09 18:00:00', 5),
       (17, 131, '2023-03-09 18:00:00', 5),
       (17, 132, '2023-03-09 18:00:00', 5),
       (17, 133, '2023-03-09 18:00:00', 5),
       (17, 134, '2023-03-09 18:00:00', 5),
       (17, 135, '2023-03-09 18:00:00', 5),
       (17, 136, '2023-03-09 18:00:00', 5),
       (17, 137, '2023-03-09 18:00:00', 5),
       (17, 138, '2023-03-09 18:00:00', 5),
       (17, 139, '2023-03-09 18:00:00', 5),
       (17, 140, '2023-03-09 18:00:00', 5),
       (17, 141, '2023-03-09 18:00:00', 5),
       (17, 142, '2023-03-09 18:00:00', 5),
       (17, 143, '2023-03-09 18:00:00', 5),
       (17, 144, '2023-03-09 18:00:00', 5),
       (17, 145, '2023-03-09 18:00:00', 5),
       (17, 146, '2023-03-09 18:00:00', 5),
       (17, 147, '2023-03-09 18:00:00', 5),
       (17, 148, '2023-03-09 18:00:00', 5),
       (17, 149, '2023-03-09 18:00:00', 5),
       (17, 150, '2023-03-09 18:00:00', 5),
       (16, 1, '2023-03-09 21:00:00', 6),
       (16, 2, '2023-03-09 21:00:00', 6),
       (16, 3, '2023-03-09 21:00:00', 6),
       (16, 4, '2023-03-09 21:00:00', 6),
       (16, 5, '2023-03-09 21:00:00', 6),
       (16, 6, '2023-03-09 21:00:00', 6),
       (16, 7, '2023-03-09 21:00:00', 6),
       (16, 8, '2023-03-09 21:00:00', 6),
       (16, 9, '2023-03-09 21:00:00', 6),
       (16, 10, '2023-03-09 21:00:00', 6),
       (16, 11, '2023-03-09 21:00:00', 6),
       (16, 12, '2023-03-09 21:00:00', 6),
       (16, 13, '2023-03-09 21:00:00', 6),
       (16, 14, '2023-03-09 21:00:00', 6),
       (16, 15, '2023-03-09 21:00:00', 6),
       (16, 16, '2023-03-09 21:00:00', 6),
       (16, 17, '2023-03-09 21:00:00', 6),
       (16, 18, '2023-03-09 21:00:00', 6),
       (16, 19, '2023-03-09 21:00:00', 6),
       (16, 20, '2023-03-09 21:00:00', 6),
       (16, 21, '2023-03-09 21:00:00', 6),
       (16, 22, '2023-03-09 21:00:00', 6),
       (16, 23, '2023-03-09 21:00:00', 6),
       (16, 24, '2023-03-09 21:00:00', 6),
       (16, 25, '2023-03-09 21:00:00', 6),
       (16, 26, '2023-03-09 21:00:00', 6),
       (16, 27, '2023-03-09 21:00:00', 6),
       (16, 28, '2023-03-09 21:00:00', 6),
       (16, 29, '2023-03-09 21:00:00', 6),
       (16, 30, '2023-03-09 21:00:00', 6),
       (16, 31, '2023-03-09 21:00:00', 6),
       (16, 32, '2023-03-09 21:00:00', 6),
       (16, 33, '2023-03-09 21:00:00', 6),
       (16, 34, '2023-03-09 21:00:00', 6),
       (16, 35, '2023-03-09 21:00:00', 6),
       (16, 36, '2023-03-09 21:00:00', 6),
       (16, 37, '2023-03-09 21:00:00', 6),
       (16, 38, '2023-03-09 21:00:00', 6),
       (16, 39, '2023-03-09 21:00:00', 6),
       (16, 40, '2023-03-09 21:00:00', 6),
       (16, 41, '2023-03-09 21:00:00', 6),
       (16, 42, '2023-03-09 21:00:00', 6),
       (16, 43, '2023-03-09 21:00:00', 6),
       (16, 44, '2023-03-09 21:00:00', 6),
       (16, 45, '2023-03-09 21:00:00', 6),
       (16, 46, '2023-03-09 21:00:00', 6),
       (16, 47, '2023-03-09 21:00:00', 6),
       (16, 48, '2023-03-09 21:00:00', 6),
       (16, 49, '2023-03-09 21:00:00', 6),
       (16, 50, '2023-03-09 21:00:00', 6),
       (16, 51, '2023-03-09 21:00:00', 6),
       (16, 52, '2023-03-09 21:00:00', 6),
       (16, 53, '2023-03-09 21:00:00', 6),
       (16, 54, '2023-03-09 21:00:00', 6),
       (16, 55, '2023-03-09 21:00:00', 6),
       (16, 56, '2023-03-09 21:00:00', 6),
       (16, 57, '2023-03-09 21:00:00', 6),
       (16, 58, '2023-03-09 21:00:00', 6),
       (16, 59, '2023-03-09 21:00:00', 6),
       (16, 60, '2023-03-09 21:00:00', 6),
       (16, 61, '2023-03-09 21:00:00', 6),
       (16, 62, '2023-03-09 21:00:00', 6),
       (16, 63, '2023-03-09 21:00:00', 6),
       (16, 64, '2023-03-09 21:00:00', 6),
       (16, 65, '2023-03-09 21:00:00', 6),
       (16, 66, '2023-03-09 21:00:00', 6),
       (16, 67, '2023-03-09 21:00:00', 6),
       (16, 68, '2023-03-09 21:00:00', 6),
       (16, 69, '2023-03-09 21:00:00', 6),
       (16, 70, '2023-03-09 21:00:00', 6),
       (16, 71, '2023-03-09 21:00:00', 6),
       (16, 72, '2023-03-09 21:00:00', 6),
       (16, 73, '2023-03-09 21:00:00', 6),
       (16, 74, '2023-03-09 21:00:00', 6),
       (16, 75, '2023-03-09 21:00:00', 6),
       (16, 76, '2023-03-09 21:00:00', 6),
       (16, 77, '2023-03-09 21:00:00', 6),
       (16, 78, '2023-03-09 21:00:00', 6),
       (16, 79, '2023-03-09 21:00:00', 6),
       (16, 80, '2023-03-09 21:00:00', 6),
       (16, 81, '2023-03-09 21:00:00', 6),
       (16, 82, '2023-03-09 21:00:00', 6),
       (16, 83, '2023-03-09 21:00:00', 6),
       (16, 84, '2023-03-09 21:00:00', 6),
       (16, 85, '2023-03-09 21:00:00', 6),
       (16, 86, '2023-03-09 21:00:00', 6),
       (16, 87, '2023-03-09 21:00:00', 6),
       (16, 88, '2023-03-09 21:00:00', 6),
       (16, 89, '2023-03-09 21:00:00', 6),
       (16, 90, '2023-03-09 21:00:00', 6),
       (16, 91, '2023-03-09 21:00:00', 6),
       (16, 92, '2023-03-09 21:00:00', 6),
       (16, 93, '2023-03-09 21:00:00', 6),
       (16, 94, '2023-03-09 21:00:00', 6),
       (16, 95, '2023-03-09 21:00:00', 6),
       (16, 96, '2023-03-09 21:00:00', 6),
       (16, 97, '2023-03-09 21:00:00', 6),
       (16, 98, '2023-03-09 21:00:00', 6),
       (16, 99, '2023-03-09 21:00:00', 6),
       (16, 100, '2023-03-09 21:00:00', 6),
       (16, 101, '2023-03-09 21:00:00', 6),
       (16, 102, '2023-03-09 21:00:00', 6),
       (16, 103, '2023-03-09 21:00:00', 6),
       (16, 104, '2023-03-09 21:00:00', 6),
       (16, 105, '2023-03-09 21:00:00', 6),
       (16, 106, '2023-03-09 21:00:00', 6),
       (16, 107, '2023-03-09 21:00:00', 6),
       (16, 108, '2023-03-09 21:00:00', 6),
       (16, 109, '2023-03-09 21:00:00', 6),
       (16, 110, '2023-03-09 21:00:00', 6),
       (17, 1, '2023-03-10 12:00:00', 7),
       (17, 2, '2023-03-10 12:00:00', 7),
       (17, 3, '2023-03-10 12:00:00', 7),
       (17, 4, '2023-03-10 12:00:00', 7),
       (17, 5, '2023-03-10 12:00:00', 7),
       (17, 6, '2023-03-10 12:00:00', 7),
       (17, 7, '2023-03-10 12:00:00', 7),
       (17, 8, '2023-03-10 12:00:00', 7),
       (17, 9, '2023-03-10 12:00:00', 7),
       (17, 10, '2023-03-10 12:00:00', 7),
       (17, 11, '2023-03-10 12:00:00', 7),
       (17, 12, '2023-03-10 12:00:00', 7),
       (17, 13, '2023-03-10 12:00:00', 7),
       (17, 14, '2023-03-10 12:00:00', 7),
       (17, 15, '2023-03-10 12:00:00', 7),
       (17, 16, '2023-03-10 12:00:00', 7),
       (17, 17, '2023-03-10 12:00:00', 7),
       (17, 18, '2023-03-10 12:00:00', 7),
       (17, 19, '2023-03-10 12:00:00', 7),
       (17, 20, '2023-03-10 12:00:00', 7),
       (17, 21, '2023-03-10 12:00:00', 7),
       (17, 22, '2023-03-10 12:00:00', 7),
       (17, 23, '2023-03-10 12:00:00', 7),
       (17, 24, '2023-03-10 12:00:00', 7),
       (17, 25, '2023-03-10 12:00:00', 7),
       (17, 26, '2023-03-10 12:00:00', 7),
       (17, 27, '2023-03-10 12:00:00', 7),
       (17, 28, '2023-03-10 12:00:00', 7),
       (17, 29, '2023-03-10 12:00:00', 7),
       (17, 30, '2023-03-10 12:00:00', 7),
       (17, 31, '2023-03-10 12:00:00', 7),
       (17, 32, '2023-03-10 12:00:00', 7),
       (17, 33, '2023-03-10 12:00:00', 7),
       (17, 34, '2023-03-10 12:00:00', 7),
       (17, 35, '2023-03-10 12:00:00', 7),
       (17, 36, '2023-03-10 12:00:00', 7),
       (17, 37, '2023-03-10 12:00:00', 7),
       (17, 38, '2023-03-10 12:00:00', 7),
       (17, 39, '2023-03-10 12:00:00', 7),
       (17, 40, '2023-03-10 12:00:00', 7),
       (17, 41, '2023-03-10 12:00:00', 7),
       (17, 42, '2023-03-10 12:00:00', 7),
       (17, 43, '2023-03-10 12:00:00', 7),
       (17, 44, '2023-03-10 12:00:00', 7),
       (17, 45, '2023-03-10 12:00:00', 7),
       (17, 46, '2023-03-10 12:00:00', 7),
       (17, 47, '2023-03-10 12:00:00', 7),
       (17, 48, '2023-03-10 12:00:00', 7),
       (17, 49, '2023-03-10 12:00:00', 7),
       (17, 50, '2023-03-10 12:00:00', 7),
       (17, 51, '2023-03-10 12:00:00', 7),
       (17, 52, '2023-03-10 12:00:00', 7),
       (17, 53, '2023-03-10 12:00:00', 7),
       (17, 54, '2023-03-10 12:00:00', 7),
       (17, 55, '2023-03-10 12:00:00', 7),
       (17, 56, '2023-03-10 12:00:00', 7),
       (17, 57, '2023-03-10 12:00:00', 7),
       (17, 58, '2023-03-10 12:00:00', 7),
       (17, 59, '2023-03-10 12:00:00', 7),
       (17, 60, '2023-03-10 12:00:00', 7),
       (17, 61, '2023-03-10 12:00:00', 7),
       (17, 62, '2023-03-10 12:00:00', 7),
       (17, 63, '2023-03-10 12:00:00', 7),
       (17, 64, '2023-03-10 12:00:00', 7),
       (17, 65, '2023-03-10 12:00:00', 7),
       (17, 66, '2023-03-10 12:00:00', 7),
       (17, 67, '2023-03-10 12:00:00', 7),
       (17, 68, '2023-03-10 12:00:00', 7),
       (17, 69, '2023-03-10 12:00:00', 7),
       (17, 70, '2023-03-10 12:00:00', 7),
       (17, 71, '2023-03-10 12:00:00', 7),
       (17, 72, '2023-03-10 12:00:00', 7),
       (17, 73, '2023-03-10 12:00:00', 7),
       (17, 74, '2023-03-10 12:00:00', 7),
       (17, 75, '2023-03-10 12:00:00', 7),
       (17, 76, '2023-03-10 12:00:00', 7),
       (17, 77, '2023-03-10 12:00:00', 7),
       (17, 78, '2023-03-10 12:00:00', 7),
       (17, 79, '2023-03-10 12:00:00', 7),
       (17, 80, '2023-03-10 12:00:00', 7),
       (17, 81, '2023-03-10 12:00:00', 7),
       (17, 82, '2023-03-10 12:00:00', 7),
       (17, 83, '2023-03-10 12:00:00', 7),
       (17, 84, '2023-03-10 12:00:00', 7),
       (17, 85, '2023-03-10 12:00:00', 7),
       (17, 86, '2023-03-10 12:00:00', 7),
       (17, 87, '2023-03-10 12:00:00', 7),
       (17, 88, '2023-03-10 12:00:00', 7),
       (17, 89, '2023-03-10 12:00:00', 7),
       (17, 90, '2023-03-10 12:00:00', 7),
       (17, 91, '2023-03-10 12:00:00', 7),
       (17, 92, '2023-03-10 12:00:00', 7),
       (17, 93, '2023-03-10 12:00:00', 7),
       (17, 94, '2023-03-10 12:00:00', 7),
       (17, 95, '2023-03-10 12:00:00', 7),
       (17, 96, '2023-03-10 12:00:00', 7),
       (17, 97, '2023-03-10 12:00:00', 7),
       (17, 98, '2023-03-10 12:00:00', 7),
       (17, 99, '2023-03-10 12:00:00', 7),
       (17, 100, '2023-03-10 12:00:00', 7),
       (17, 101, '2023-03-10 12:00:00', 7),
       (17, 102, '2023-03-10 12:00:00', 7),
       (17, 103, '2023-03-10 12:00:00', 7),
       (17, 104, '2023-03-10 12:00:00', 7),
       (17, 105, '2023-03-10 12:00:00', 7),
       (17, 106, '2023-03-10 12:00:00', 7),
       (17, 107, '2023-03-10 12:00:00', 7),
       (17, 108, '2023-03-10 12:00:00', 7),
       (17, 109, '2023-03-10 12:00:00', 7),
       (17, 110, '2023-03-10 12:00:00', 7),
       (17, 111, '2023-03-10 12:00:00', 7),
       (17, 112, '2023-03-10 12:00:00', 7),
       (17, 113, '2023-03-10 12:00:00', 7),
       (17, 114, '2023-03-10 12:00:00', 7),
       (17, 115, '2023-03-10 12:00:00', 7),
       (17, 116, '2023-03-10 12:00:00', 7),
       (17, 117, '2023-03-10 12:00:00', 7),
       (17, 118, '2023-03-10 12:00:00', 7),
       (17, 119, '2023-03-10 12:00:00', 7),
       (17, 120, '2023-03-10 12:00:00', 7),
       (17, 121, '2023-03-10 12:00:00', 7),
       (17, 122, '2023-03-10 12:00:00', 7),
       (17, 123, '2023-03-10 12:00:00', 7),
       (17, 124, '2023-03-10 12:00:00', 7),
       (17, 125, '2023-03-10 12:00:00', 7),
       (17, 126, '2023-03-10 12:00:00', 7),
       (17, 127, '2023-03-10 12:00:00', 7),
       (17, 128, '2023-03-10 12:00:00', 7),
       (17, 129, '2023-03-10 12:00:00', 7),
       (17, 130, '2023-03-10 12:00:00', 7),
       (17, 131, '2023-03-10 12:00:00', 7),
       (17, 132, '2023-03-10 12:00:00', 7),
       (17, 133, '2023-03-10 12:00:00', 7),
       (17, 134, '2023-03-10 12:00:00', 7),
       (17, 135, '2023-03-10 12:00:00', 7),
       (17, 136, '2023-03-10 12:00:00', 7),
       (17, 137, '2023-03-10 12:00:00', 7),
       (17, 138, '2023-03-10 12:00:00', 7),
       (17, 139, '2023-03-10 12:00:00', 7),
       (17, 140, '2023-03-10 12:00:00', 7),
       (17, 141, '2023-03-10 12:00:00', 7),
       (17, 142, '2023-03-10 12:00:00', 7),
       (17, 143, '2023-03-10 12:00:00', 7),
       (17, 144, '2023-03-10 12:00:00', 7),
       (17, 145, '2023-03-10 12:00:00', 7),
       (17, 146, '2023-03-10 12:00:00', 7),
       (17, 147, '2023-03-10 12:00:00', 7),
       (17, 148, '2023-03-10 12:00:00', 7),
       (17, 149, '2023-03-10 12:00:00', 7),
       (17, 150, '2023-03-10 12:00:00', 7),
       (17, 151, '2023-03-10 12:00:00', 7),
       (17, 152, '2023-03-10 12:00:00', 7),
       (17, 153, '2023-03-10 12:00:00', 7),
       (17, 154, '2023-03-10 12:00:00', 7),
       (17, 155, '2023-03-10 12:00:00', 7),
       (17, 156, '2023-03-10 12:00:00', 7),
       (17, 157, '2023-03-10 12:00:00', 7),
       (17, 158, '2023-03-10 12:00:00', 7),
       (17, 159, '2023-03-10 12:00:00', 7),
       (17, 160, '2023-03-10 12:00:00', 7),
       (17, 161, '2023-03-10 12:00:00', 7),
       (17, 162, '2023-03-10 12:00:00', 7),
       (17, 163, '2023-03-10 12:00:00', 7),
       (17, 164, '2023-03-10 12:00:00', 7),
       (17, 165, '2023-03-10 12:00:00', 7),
       (17, 166, '2023-03-10 12:00:00', 7),
       (17, 167, '2023-03-10 12:00:00', 7),
       (17, 168, '2023-03-10 12:00:00', 7),
       (17, 169, '2023-03-10 12:00:00', 7),
       (17, 170, '2023-03-10 12:00:00', 7),
       (17, 171, '2023-03-10 12:00:00', 7),
       (17, 172, '2023-03-10 12:00:00', 7),
       (17, 173, '2023-03-10 12:00:00', 7),
       (17, 174, '2023-03-10 12:00:00', 7),
       (17, 175, '2023-03-10 12:00:00', 7),
       (17, 176, '2023-03-10 12:00:00', 7),
       (17, 177, '2023-03-10 12:00:00', 7),
       (17, 178, '2023-03-10 12:00:00', 7),
       (17, 179, '2023-03-10 12:00:00', 7),
       (17, 180, '2023-03-10 12:00:00', 7),
       (17, 181, '2023-03-10 12:00:00', 7),
       (17, 182, '2023-03-10 12:00:00', 7),
       (17, 183, '2023-03-10 12:00:00', 7),
       (17, 184, '2023-03-10 12:00:00', 7),
       (17, 185, '2023-03-10 12:00:00', 7),
       (17, 186, '2023-03-10 12:00:00', 7),
       (17, 187, '2023-03-10 12:00:00', 7),
       (17, 188, '2023-03-10 12:00:00', 7),
       (17, 189, '2023-03-10 12:00:00', 7),
       (17, 190, '2023-03-10 12:00:00', 7),
       (17, 191, '2023-03-10 12:00:00', 7),
       (17, 192, '2023-03-10 12:00:00', 7),
       (17, 193, '2023-03-10 12:00:00', 7),
       (17, 194, '2023-03-10 12:00:00', 7),
       (17, 195, '2023-03-10 12:00:00', 7),
       (17, 196, '2023-03-10 12:00:00', 7),
       (17, 197, '2023-03-10 12:00:00', 7),
       (17, 198, '2023-03-10 12:00:00', 7),
       (17, 199, '2023-03-10 12:00:00', 7),
       (17, 200, '2023-03-10 12:00:00', 7),
       (16, 1, '2023-03-10 15:00:00', 8),
       (16, 2, '2023-03-10 15:00:00', 8),
       (16, 3, '2023-03-10 15:00:00', 8),
       (16, 4, '2023-03-10 15:00:00', 8),
       (16, 5, '2023-03-10 15:00:00', 8),
       (16, 6, '2023-03-10 15:00:00', 8),
       (16, 7, '2023-03-10 15:00:00', 8),
       (16, 8, '2023-03-10 15:00:00', 8),
       (16, 9, '2023-03-10 15:00:00', 8),
       (16, 10, '2023-03-10 15:00:00', 8),
       (16, 11, '2023-03-10 15:00:00', 8),
       (16, 12, '2023-03-10 15:00:00', 8),
       (16, 13, '2023-03-10 15:00:00', 8),
       (16, 14, '2023-03-10 15:00:00', 8),
       (16, 15, '2023-03-10 15:00:00', 8),
       (16, 16, '2023-03-10 15:00:00', 8),
       (16, 17, '2023-03-10 15:00:00', 8),
       (16, 18, '2023-03-10 15:00:00', 8),
       (16, 19, '2023-03-10 15:00:00', 8),
       (16, 20, '2023-03-10 15:00:00', 8),
       (16, 21, '2023-03-10 15:00:00', 8),
       (16, 22, '2023-03-10 15:00:00', 8),
       (16, 23, '2023-03-10 15:00:00', 8),
       (16, 24, '2023-03-10 15:00:00', 8),
       (16, 25, '2023-03-10 15:00:00', 8),
       (16, 26, '2023-03-10 15:00:00', 8),
       (16, 27, '2023-03-10 15:00:00', 8),
       (16, 28, '2023-03-10 15:00:00', 8),
       (16, 29, '2023-03-10 15:00:00', 8),
       (16, 30, '2023-03-10 15:00:00', 8),
       (16, 31, '2023-03-10 15:00:00', 8),
       (16, 32, '2023-03-10 15:00:00', 8),
       (16, 33, '2023-03-10 15:00:00', 8),
       (16, 34, '2023-03-10 15:00:00', 8),
       (16, 35, '2023-03-10 15:00:00', 8),
       (16, 36, '2023-03-10 15:00:00', 8),
       (16, 37, '2023-03-10 15:00:00', 8),
       (16, 38, '2023-03-10 15:00:00', 8),
       (16, 39, '2023-03-10 15:00:00', 8),
       (16, 40, '2023-03-10 15:00:00', 8),
       (16, 41, '2023-03-10 15:00:00', 8),
       (16, 42, '2023-03-10 15:00:00', 8),
       (16, 43, '2023-03-10 15:00:00', 8),
       (16, 44, '2023-03-10 15:00:00', 8),
       (16, 45, '2023-03-10 15:00:00', 8),
       (16, 46, '2023-03-10 15:00:00', 8),
       (16, 47, '2023-03-10 15:00:00', 8),
       (16, 48, '2023-03-10 15:00:00', 8),
       (16, 49, '2023-03-10 15:00:00', 8),
       (16, 50, '2023-03-10 15:00:00', 8),
       (16, 51, '2023-03-10 15:00:00', 8),
       (16, 52, '2023-03-10 15:00:00', 8),
       (16, 53, '2023-03-10 15:00:00', 8),
       (16, 54, '2023-03-10 15:00:00', 8),
       (16, 55, '2023-03-10 15:00:00', 8),
       (16, 56, '2023-03-10 15:00:00', 8),
       (16, 57, '2023-03-10 15:00:00', 8),
       (16, 58, '2023-03-10 15:00:00', 8),
       (16, 59, '2023-03-10 15:00:00', 8),
       (16, 60, '2023-03-10 15:00:00', 8),
       (16, 61, '2023-03-10 15:00:00', 8),
       (16, 62, '2023-03-10 15:00:00', 8),
       (16, 63, '2023-03-10 15:00:00', 8),
       (16, 64, '2023-03-10 15:00:00', 8),
       (16, 65, '2023-03-10 15:00:00', 8),
       (16, 66, '2023-03-10 15:00:00', 8),
       (16, 67, '2023-03-10 15:00:00', 8),
       (16, 68, '2023-03-10 15:00:00', 8),
       (16, 69, '2023-03-10 15:00:00', 8),
       (16, 70, '2023-03-10 15:00:00', 8),
       (16, 71, '2023-03-10 15:00:00', 8),
       (16, 72, '2023-03-10 15:00:00', 8),
       (16, 73, '2023-03-10 15:00:00', 8),
       (16, 74, '2023-03-10 15:00:00', 8),
       (16, 75, '2023-03-10 15:00:00', 8),
       (16, 76, '2023-03-10 15:00:00', 8),
       (16, 77, '2023-03-10 15:00:00', 8),
       (16, 78, '2023-03-10 15:00:00', 8),
       (16, 79, '2023-03-10 15:00:00', 8),
       (16, 80, '2023-03-10 15:00:00', 8),
       (16, 1, '2023-03-10 18:00:00', 9),
       (16, 2, '2023-03-10 18:00:00', 9),
       (16, 3, '2023-03-10 18:00:00', 9),
       (16, 4, '2023-03-10 18:00:00', 9),
       (16, 5, '2023-03-10 18:00:00', 9),
       (16, 6, '2023-03-10 18:00:00', 9),
       (16, 7, '2023-03-10 18:00:00', 9),
       (16, 8, '2023-03-10 18:00:00', 9),
       (16, 9, '2023-03-10 18:00:00', 9),
       (16, 10, '2023-03-10 18:00:00', 9),
       (16, 11, '2023-03-10 18:00:00', 9),
       (16, 12, '2023-03-10 18:00:00', 9),
       (16, 13, '2023-03-10 18:00:00', 9),
       (16, 14, '2023-03-10 18:00:00', 9),
       (16, 15, '2023-03-10 18:00:00', 9),
       (16, 16, '2023-03-10 18:00:00', 9),
       (16, 17, '2023-03-10 18:00:00', 9),
       (16, 18, '2023-03-10 18:00:00', 9),
       (16, 19, '2023-03-10 18:00:00', 9),
       (16, 20, '2023-03-10 18:00:00', 9),
       (16, 21, '2023-03-10 18:00:00', 9),
       (16, 22, '2023-03-10 18:00:00', 9),
       (16, 23, '2023-03-10 18:00:00', 9),
       (16, 24, '2023-03-10 18:00:00', 9),
       (16, 25, '2023-03-10 18:00:00', 9),
       (16, 26, '2023-03-10 18:00:00', 9),
       (16, 27, '2023-03-10 18:00:00', 9),
       (16, 28, '2023-03-10 18:00:00', 9),
       (16, 29, '2023-03-10 18:00:00', 9),
       (16, 30, '2023-03-10 18:00:00', 9),
       (16, 31, '2023-03-10 18:00:00', 9),
       (16, 32, '2023-03-10 18:00:00', 9),
       (16, 33, '2023-03-10 18:00:00', 9),
       (16, 34, '2023-03-10 18:00:00', 9),
       (16, 35, '2023-03-10 18:00:00', 9),
       (16, 36, '2023-03-10 18:00:00', 9),
       (16, 37, '2023-03-10 18:00:00', 9),
       (16, 38, '2023-03-10 18:00:00', 9),
       (16, 39, '2023-03-10 18:00:00', 9),
       (16, 40, '2023-03-10 18:00:00', 9),
       (16, 41, '2023-03-10 18:00:00', 9),
       (16, 42, '2023-03-10 18:00:00', 9),
       (16, 43, '2023-03-10 18:00:00', 9),
       (16, 44, '2023-03-10 18:00:00', 9),
       (16, 45, '2023-03-10 18:00:00', 9),
       (16, 46, '2023-03-10 18:00:00', 9),
       (16, 47, '2023-03-10 18:00:00', 9),
       (16, 48, '2023-03-10 18:00:00', 9),
       (16, 49, '2023-03-10 18:00:00', 9),
       (16, 50, '2023-03-10 18:00:00', 9),
       (16, 51, '2023-03-10 18:00:00', 9),
       (16, 52, '2023-03-10 18:00:00', 9),
       (16, 53, '2023-03-10 18:00:00', 9),
       (16, 54, '2023-03-10 18:00:00', 9),
       (16, 55, '2023-03-10 18:00:00', 9),
       (16, 56, '2023-03-10 18:00:00', 9),
       (16, 57, '2023-03-10 18:00:00', 9),
       (16, 58, '2023-03-10 18:00:00', 9),
       (16, 59, '2023-03-10 18:00:00', 9),
       (16, 60, '2023-03-10 18:00:00', 9),
       (16, 61, '2023-03-10 18:00:00', 9),
       (16, 62, '2023-03-10 18:00:00', 9),
       (16, 63, '2023-03-10 18:00:00', 9),
       (16, 64, '2023-03-10 18:00:00', 9),
       (16, 65, '2023-03-10 18:00:00', 9),
       (16, 66, '2023-03-10 18:00:00', 9),
       (16, 67, '2023-03-10 18:00:00', 9),
       (16, 68, '2023-03-10 18:00:00', 9),
       (16, 69, '2023-03-10 18:00:00', 9),
       (16, 70, '2023-03-10 18:00:00', 9),
       (16, 71, '2023-03-10 18:00:00', 9),
       (16, 72, '2023-03-10 18:00:00', 9),
       (16, 73, '2023-03-10 18:00:00', 9),
       (16, 74, '2023-03-10 18:00:00', 9),
       (16, 75, '2023-03-10 18:00:00', 9),
       (16, 76, '2023-03-10 18:00:00', 9),
       (16, 77, '2023-03-10 18:00:00', 9),
       (16, 78, '2023-03-10 18:00:00', 9),
       (16, 79, '2023-03-10 18:00:00', 9),
       (16, 80, '2023-03-10 18:00:00', 9),
       (16, 81, '2023-03-10 18:00:00', 9),
       (16, 82, '2023-03-10 18:00:00', 9),
       (16, 83, '2023-03-10 18:00:00', 9),
       (16, 84, '2023-03-10 18:00:00', 9),
       (16, 85, '2023-03-10 18:00:00', 9),
       (16, 86, '2023-03-10 18:00:00', 9),
       (16, 87, '2023-03-10 18:00:00', 9),
       (16, 88, '2023-03-10 18:00:00', 9),
       (16, 89, '2023-03-10 18:00:00', 9),
       (16, 90, '2023-03-10 18:00:00', 9),
       (16, 91, '2023-03-10 18:00:00', 9),
       (16, 92, '2023-03-10 18:00:00', 9),
       (16, 93, '2023-03-10 18:00:00', 9),
       (16, 94, '2023-03-10 18:00:00', 9),
       (16, 95, '2023-03-10 18:00:00', 9),
       (16, 96, '2023-03-10 18:00:00', 9),
       (16, 97, '2023-03-10 18:00:00', 9),
       (16, 98, '2023-03-10 18:00:00', 9),
       (16, 99, '2023-03-10 18:00:00', 9),
       (16, 100, '2023-03-10 18:00:00', 9),
       (16, 101, '2023-03-10 18:00:00', 9),
       (16, 102, '2023-03-10 18:00:00', 9),
       (16, 103, '2023-03-10 18:00:00', 9),
       (16, 104, '2023-03-10 18:00:00', 9),
       (16, 105, '2023-03-10 18:00:00', 9),
       (16, 106, '2023-03-10 18:00:00', 9),
       (16, 107, '2023-03-10 18:00:00', 9),
       (16, 108, '2023-03-10 18:00:00', 9),
       (16, 109, '2023-03-10 18:00:00', 9),
       (16, 110, '2023-03-10 18:00:00', 9),
       (16, 111, '2023-03-10 18:00:00', 9),
       (16, 112, '2023-03-10 18:00:00', 9),
       (16, 113, '2023-03-10 18:00:00', 9),
       (16, 114, '2023-03-10 18:00:00', 9),
       (16, 115, '2023-03-10 18:00:00', 9),
       (16, 116, '2023-03-10 18:00:00', 9),
       (16, 117, '2023-03-10 18:00:00', 9),
       (16, 118, '2023-03-10 18:00:00', 9),
       (16, 119, '2023-03-10 18:00:00', 9),
       (16, 120, '2023-03-10 18:00:00', 9),
       (16, 121, '2023-03-10 18:00:00', 9),
       (16, 122, '2023-03-10 18:00:00', 9),
       (16, 123, '2023-03-10 18:00:00', 9),
       (16, 124, '2023-03-10 18:00:00', 9),
       (16, 125, '2023-03-10 18:00:00', 9),
       (16, 126, '2023-03-10 18:00:00', 9),
       (16, 127, '2023-03-10 18:00:00', 9),
       (16, 128, '2023-03-10 18:00:00', 9),
       (16, 129, '2023-03-10 18:00:00', 9),
       (16, 130, '2023-03-10 18:00:00', 9),
       (17, 1, '2023-03-10 21:00:00', 10),
       (17, 2, '2023-03-10 21:00:00', 10),
       (17, 3, '2023-03-10 21:00:00', 10),
       (17, 4, '2023-03-10 21:00:00', 10),
       (17, 5, '2023-03-10 21:00:00', 10),
       (17, 6, '2023-03-10 21:00:00', 10),
       (17, 7, '2023-03-10 21:00:00', 10),
       (17, 8, '2023-03-10 21:00:00', 10),
       (17, 9, '2023-03-10 21:00:00', 10),
       (17, 10, '2023-03-10 21:00:00', 10),
       (17, 11, '2023-03-10 21:00:00', 10),
       (17, 12, '2023-03-10 21:00:00', 10),
       (17, 13, '2023-03-10 21:00:00', 10),
       (17, 14, '2023-03-10 21:00:00', 10),
       (17, 15, '2023-03-10 21:00:00', 10),
       (17, 16, '2023-03-10 21:00:00', 10),
       (17, 17, '2023-03-10 21:00:00', 10),
       (17, 18, '2023-03-10 21:00:00', 10),
       (17, 19, '2023-03-10 21:00:00', 10),
       (17, 20, '2023-03-10 21:00:00', 10),
       (17, 21, '2023-03-10 21:00:00', 10),
       (17, 22, '2023-03-10 21:00:00', 10),
       (17, 23, '2023-03-10 21:00:00', 10),
       (17, 24, '2023-03-10 21:00:00', 10),
       (17, 25, '2023-03-10 21:00:00', 10),
       (17, 26, '2023-03-10 21:00:00', 10),
       (17, 27, '2023-03-10 21:00:00', 10),
       (17, 28, '2023-03-10 21:00:00', 10),
       (17, 29, '2023-03-10 21:00:00', 10),
       (17, 30, '2023-03-10 21:00:00', 10),
       (17, 31, '2023-03-10 21:00:00', 10),
       (17, 32, '2023-03-10 21:00:00', 10),
       (17, 33, '2023-03-10 21:00:00', 10),
       (17, 34, '2023-03-10 21:00:00', 10),
       (17, 35, '2023-03-10 21:00:00', 10),
       (17, 36, '2023-03-10 21:00:00', 10),
       (17, 37, '2023-03-10 21:00:00', 10),
       (17, 38, '2023-03-10 21:00:00', 10),
       (17, 39, '2023-03-10 21:00:00', 10),
       (17, 40, '2023-03-10 21:00:00', 10),
       (17, 41, '2023-03-10 21:00:00', 10),
       (17, 42, '2023-03-10 21:00:00', 10),
       (17, 43, '2023-03-10 21:00:00', 10),
       (17, 44, '2023-03-10 21:00:00', 10),
       (17, 45, '2023-03-10 21:00:00', 10),
       (17, 46, '2023-03-10 21:00:00', 10),
       (17, 47, '2023-03-10 21:00:00', 10),
       (17, 48, '2023-03-10 21:00:00', 10),
       (17, 49, '2023-03-10 21:00:00', 10),
       (17, 50, '2023-03-10 21:00:00', 10),
       (17, 51, '2023-03-10 21:00:00', 10),
       (17, 52, '2023-03-10 21:00:00', 10),
       (17, 53, '2023-03-10 21:00:00', 10),
       (17, 54, '2023-03-10 21:00:00', 10),
       (17, 55, '2023-03-10 21:00:00', 10),
       (17, 56, '2023-03-10 21:00:00', 10),
       (17, 57, '2023-03-10 21:00:00', 10),
       (17, 58, '2023-03-10 21:00:00', 10),
       (17, 59, '2023-03-10 21:00:00', 10),
       (17, 60, '2023-03-10 21:00:00', 10),
       (17, 61, '2023-03-10 21:00:00', 10),
       (17, 62, '2023-03-10 21:00:00', 10),
       (17, 63, '2023-03-10 21:00:00', 10),
       (17, 64, '2023-03-10 21:00:00', 10),
       (17, 65, '2023-03-10 21:00:00', 10),
       (17, 66, '2023-03-10 21:00:00', 10),
       (17, 67, '2023-03-10 21:00:00', 10),
       (17, 68, '2023-03-10 21:00:00', 10),
       (17, 69, '2023-03-10 21:00:00', 10),
       (17, 70, '2023-03-10 21:00:00', 10),
       (17, 71, '2023-03-10 21:00:00', 10),
       (17, 72, '2023-03-10 21:00:00', 10),
       (17, 73, '2023-03-10 21:00:00', 10),
       (17, 74, '2023-03-10 21:00:00', 10),
       (17, 75, '2023-03-10 21:00:00', 10),
       (17, 76, '2023-03-10 21:00:00', 10),
       (17, 77, '2023-03-10 21:00:00', 10),
       (17, 78, '2023-03-10 21:00:00', 10),
       (17, 79, '2023-03-10 21:00:00', 10),
       (17, 80, '2023-03-10 21:00:00', 10),
       (17, 81, '2023-03-10 21:00:00', 10),
       (17, 82, '2023-03-10 21:00:00', 10),
       (17, 83, '2023-03-10 21:00:00', 10),
       (17, 84, '2023-03-10 21:00:00', 10),
       (17, 85, '2023-03-10 21:00:00', 10),
       (17, 86, '2023-03-10 21:00:00', 10),
       (17, 87, '2023-03-10 21:00:00', 10),
       (17, 88, '2023-03-10 21:00:00', 10),
       (17, 89, '2023-03-10 21:00:00', 10),
       (17, 90, '2023-03-10 21:00:00', 10),
       (17, 91, '2023-03-10 21:00:00', 10),
       (17, 92, '2023-03-10 21:00:00', 10),
       (17, 93, '2023-03-10 21:00:00', 10),
       (17, 94, '2023-03-10 21:00:00', 10),
       (17, 95, '2023-03-10 21:00:00', 10),
       (17, 96, '2023-03-10 21:00:00', 10),
       (17, 97, '2023-03-10 21:00:00', 10),
       (17, 98, '2023-03-10 21:00:00', 10),
       (17, 99, '2023-03-10 21:00:00', 10),
       (17, 100, '2023-03-10 21:00:00', 10),
       (16, 1, '2023-03-11 12:00:00', 1),
       (16, 2, '2023-03-11 12:00:00', 1),
       (16, 3, '2023-03-11 12:00:00', 1),
       (16, 4, '2023-03-11 12:00:00', 1),
       (16, 5, '2023-03-11 12:00:00', 1),
       (16, 6, '2023-03-11 12:00:00', 1),
       (16, 7, '2023-03-11 12:00:00', 1),
       (16, 8, '2023-03-11 12:00:00', 1),
       (16, 9, '2023-03-11 12:00:00', 1),
       (16, 10, '2023-03-11 12:00:00', 1),
       (16, 11, '2023-03-11 12:00:00', 1),
       (16, 12, '2023-03-11 12:00:00', 1),
       (16, 13, '2023-03-11 12:00:00', 1),
       (16, 14, '2023-03-11 12:00:00', 1),
       (16, 15, '2023-03-11 12:00:00', 1),
       (16, 16, '2023-03-11 12:00:00', 1),
       (16, 17, '2023-03-11 12:00:00', 1),
       (16, 18, '2023-03-11 12:00:00', 1),
       (16, 19, '2023-03-11 12:00:00', 1),
       (16, 20, '2023-03-11 12:00:00', 1),
       (16, 21, '2023-03-11 12:00:00', 1),
       (16, 22, '2023-03-11 12:00:00', 1),
       (16, 23, '2023-03-11 12:00:00', 1),
       (16, 24, '2023-03-11 12:00:00', 1),
       (16, 25, '2023-03-11 12:00:00', 1),
       (16, 26, '2023-03-11 12:00:00', 1),
       (16, 27, '2023-03-11 12:00:00', 1),
       (16, 28, '2023-03-11 12:00:00', 1),
       (16, 29, '2023-03-11 12:00:00', 1),
       (16, 30, '2023-03-11 12:00:00', 1),
       (16, 31, '2023-03-11 12:00:00', 1),
       (16, 32, '2023-03-11 12:00:00', 1),
       (16, 33, '2023-03-11 12:00:00', 1),
       (16, 34, '2023-03-11 12:00:00', 1),
       (16, 35, '2023-03-11 12:00:00', 1),
       (16, 36, '2023-03-11 12:00:00', 1),
       (16, 37, '2023-03-11 12:00:00', 1),
       (16, 38, '2023-03-11 12:00:00', 1),
       (16, 39, '2023-03-11 12:00:00', 1),
       (16, 40, '2023-03-11 12:00:00', 1),
       (16, 41, '2023-03-11 12:00:00', 1),
       (16, 42, '2023-03-11 12:00:00', 1),
       (16, 43, '2023-03-11 12:00:00', 1),
       (16, 44, '2023-03-11 12:00:00', 1),
       (16, 45, '2023-03-11 12:00:00', 1),
       (16, 46, '2023-03-11 12:00:00', 1),
       (16, 47, '2023-03-11 12:00:00', 1),
       (16, 48, '2023-03-11 12:00:00', 1),
       (16, 49, '2023-03-11 12:00:00', 1),
       (16, 50, '2023-03-11 12:00:00', 1),
       (16, 51, '2023-03-11 12:00:00', 1),
       (16, 52, '2023-03-11 12:00:00', 1),
       (16, 53, '2023-03-11 12:00:00', 1),
       (16, 54, '2023-03-11 12:00:00', 1),
       (16, 55, '2023-03-11 12:00:00', 1),
       (16, 56, '2023-03-11 12:00:00', 1),
       (16, 57, '2023-03-11 12:00:00', 1),
       (16, 58, '2023-03-11 12:00:00', 1),
       (16, 59, '2023-03-11 12:00:00', 1),
       (16, 60, '2023-03-11 12:00:00', 1),
       (16, 61, '2023-03-11 12:00:00', 1),
       (16, 62, '2023-03-11 12:00:00', 1),
       (16, 63, '2023-03-11 12:00:00', 1),
       (16, 64, '2023-03-11 12:00:00', 1),
       (16, 65, '2023-03-11 12:00:00', 1),
       (16, 66, '2023-03-11 12:00:00', 1),
       (16, 67, '2023-03-11 12:00:00', 1),
       (16, 68, '2023-03-11 12:00:00', 1),
       (16, 69, '2023-03-11 12:00:00', 1),
       (16, 70, '2023-03-11 12:00:00', 1),
       (16, 71, '2023-03-11 12:00:00', 1),
       (16, 72, '2023-03-11 12:00:00', 1),
       (16, 73, '2023-03-11 12:00:00', 1),
       (16, 74, '2023-03-11 12:00:00', 1),
       (16, 75, '2023-03-11 12:00:00', 1),
       (16, 76, '2023-03-11 12:00:00', 1),
       (16, 77, '2023-03-11 12:00:00', 1),
       (16, 78, '2023-03-11 12:00:00', 1),
       (16, 79, '2023-03-11 12:00:00', 1),
       (16, 80, '2023-03-11 12:00:00', 1),
       (16, 81, '2023-03-11 12:00:00', 1),
       (16, 82, '2023-03-11 12:00:00', 1),
       (16, 83, '2023-03-11 12:00:00', 1),
       (16, 84, '2023-03-11 12:00:00', 1),
       (16, 85, '2023-03-11 12:00:00', 1),
       (16, 86, '2023-03-11 12:00:00', 1),
       (16, 87, '2023-03-11 12:00:00', 1),
       (16, 88, '2023-03-11 12:00:00', 1),
       (16, 89, '2023-03-11 12:00:00', 1),
       (16, 90, '2023-03-11 12:00:00', 1),
       (16, 91, '2023-03-11 12:00:00', 1),
       (16, 92, '2023-03-11 12:00:00', 1),
       (16, 93, '2023-03-11 12:00:00', 1),
       (16, 94, '2023-03-11 12:00:00', 1),
       (16, 95, '2023-03-11 12:00:00', 1),
       (16, 96, '2023-03-11 12:00:00', 1),
       (16, 97, '2023-03-11 12:00:00', 1),
       (16, 98, '2023-03-11 12:00:00', 1),
       (16, 99, '2023-03-11 12:00:00', 1),
       (16, 100, '2023-03-11 12:00:00', 1),
       (16, 1, '2023-03-11 15:00:00', 2),
       (16, 2, '2023-03-11 15:00:00', 2),
       (16, 3, '2023-03-11 15:00:00', 2),
       (16, 4, '2023-03-11 15:00:00', 2),
       (16, 5, '2023-03-11 15:00:00', 2),
       (16, 6, '2023-03-11 15:00:00', 2),
       (16, 7, '2023-03-11 15:00:00', 2),
       (16, 8, '2023-03-11 15:00:00', 2),
       (16, 9, '2023-03-11 15:00:00', 2),
       (16, 10, '2023-03-11 15:00:00', 2),
       (16, 11, '2023-03-11 15:00:00', 2),
       (16, 12, '2023-03-11 15:00:00', 2),
       (16, 13, '2023-03-11 15:00:00', 2),
       (16, 14, '2023-03-11 15:00:00', 2),
       (16, 15, '2023-03-11 15:00:00', 2),
       (16, 16, '2023-03-11 15:00:00', 2),
       (16, 17, '2023-03-11 15:00:00', 2),
       (16, 18, '2023-03-11 15:00:00', 2),
       (16, 19, '2023-03-11 15:00:00', 2),
       (16, 20, '2023-03-11 15:00:00', 2),
       (16, 21, '2023-03-11 15:00:00', 2),
       (16, 22, '2023-03-11 15:00:00', 2),
       (16, 23, '2023-03-11 15:00:00', 2),
       (16, 24, '2023-03-11 15:00:00', 2),
       (16, 25, '2023-03-11 15:00:00', 2),
       (16, 26, '2023-03-11 15:00:00', 2),
       (16, 27, '2023-03-11 15:00:00', 2),
       (16, 28, '2023-03-11 15:00:00', 2),
       (16, 29, '2023-03-11 15:00:00', 2),
       (16, 30, '2023-03-11 15:00:00', 2),
       (16, 31, '2023-03-11 15:00:00', 2),
       (16, 32, '2023-03-11 15:00:00', 2),
       (16, 33, '2023-03-11 15:00:00', 2),
       (16, 34, '2023-03-11 15:00:00', 2),
       (16, 35, '2023-03-11 15:00:00', 2),
       (16, 36, '2023-03-11 15:00:00', 2),
       (16, 37, '2023-03-11 15:00:00', 2),
       (16, 38, '2023-03-11 15:00:00', 2),
       (16, 39, '2023-03-11 15:00:00', 2),
       (16, 40, '2023-03-11 15:00:00', 2),
       (16, 41, '2023-03-11 15:00:00', 2),
       (16, 42, '2023-03-11 15:00:00', 2),
       (16, 43, '2023-03-11 15:00:00', 2),
       (16, 44, '2023-03-11 15:00:00', 2),
       (16, 45, '2023-03-11 15:00:00', 2),
       (16, 46, '2023-03-11 15:00:00', 2),
       (16, 47, '2023-03-11 15:00:00', 2),
       (16, 48, '2023-03-11 15:00:00', 2),
       (16, 49, '2023-03-11 15:00:00', 2),
       (16, 50, '2023-03-11 15:00:00', 2),
       (16, 51, '2023-03-11 15:00:00', 2),
       (16, 52, '2023-03-11 15:00:00', 2),
       (16, 53, '2023-03-11 15:00:00', 2),
       (16, 54, '2023-03-11 15:00:00', 2),
       (16, 55, '2023-03-11 15:00:00', 2),
       (16, 56, '2023-03-11 15:00:00', 2),
       (16, 57, '2023-03-11 15:00:00', 2),
       (16, 58, '2023-03-11 15:00:00', 2),
       (16, 59, '2023-03-11 15:00:00', 2),
       (16, 60, '2023-03-11 15:00:00', 2),
       (16, 61, '2023-03-11 15:00:00', 2),
       (16, 62, '2023-03-11 15:00:00', 2),
       (16, 63, '2023-03-11 15:00:00', 2),
       (16, 64, '2023-03-11 15:00:00', 2),
       (16, 65, '2023-03-11 15:00:00', 2),
       (16, 66, '2023-03-11 15:00:00', 2),
       (16, 67, '2023-03-11 15:00:00', 2),
       (16, 68, '2023-03-11 15:00:00', 2),
       (16, 69, '2023-03-11 15:00:00', 2),
       (16, 70, '2023-03-11 15:00:00', 2),
       (16, 71, '2023-03-11 15:00:00', 2),
       (16, 72, '2023-03-11 15:00:00', 2),
       (16, 73, '2023-03-11 15:00:00', 2),
       (16, 74, '2023-03-11 15:00:00', 2),
       (16, 75, '2023-03-11 15:00:00', 2),
       (17, 1, '2023-03-11 18:00:00', 3),
       (17, 2, '2023-03-11 18:00:00', 3),
       (17, 3, '2023-03-11 18:00:00', 3),
       (17, 4, '2023-03-11 18:00:00', 3),
       (17, 5, '2023-03-11 18:00:00', 3),
       (17, 6, '2023-03-11 18:00:00', 3),
       (17, 7, '2023-03-11 18:00:00', 3),
       (17, 8, '2023-03-11 18:00:00', 3),
       (17, 9, '2023-03-11 18:00:00', 3),
       (17, 10, '2023-03-11 18:00:00', 3),
       (17, 11, '2023-03-11 18:00:00', 3),
       (17, 12, '2023-03-11 18:00:00', 3),
       (17, 13, '2023-03-11 18:00:00', 3),
       (17, 14, '2023-03-11 18:00:00', 3),
       (17, 15, '2023-03-11 18:00:00', 3),
       (17, 16, '2023-03-11 18:00:00', 3),
       (17, 17, '2023-03-11 18:00:00', 3),
       (17, 18, '2023-03-11 18:00:00', 3),
       (17, 19, '2023-03-11 18:00:00', 3),
       (17, 20, '2023-03-11 18:00:00', 3),
       (17, 21, '2023-03-11 18:00:00', 3),
       (17, 22, '2023-03-11 18:00:00', 3),
       (17, 23, '2023-03-11 18:00:00', 3),
       (17, 24, '2023-03-11 18:00:00', 3),
       (17, 25, '2023-03-11 18:00:00', 3),
       (17, 26, '2023-03-11 18:00:00', 3),
       (17, 27, '2023-03-11 18:00:00', 3),
       (17, 28, '2023-03-11 18:00:00', 3),
       (17, 29, '2023-03-11 18:00:00', 3),
       (17, 30, '2023-03-11 18:00:00', 3),
       (17, 31, '2023-03-11 18:00:00', 3),
       (17, 32, '2023-03-11 18:00:00', 3),
       (17, 33, '2023-03-11 18:00:00', 3),
       (17, 34, '2023-03-11 18:00:00', 3),
       (17, 35, '2023-03-11 18:00:00', 3),
       (17, 36, '2023-03-11 18:00:00', 3),
       (17, 37, '2023-03-11 18:00:00', 3),
       (17, 38, '2023-03-11 18:00:00', 3),
       (17, 39, '2023-03-11 18:00:00', 3),
       (17, 40, '2023-03-11 18:00:00', 3),
       (17, 41, '2023-03-11 18:00:00', 3),
       (17, 42, '2023-03-11 18:00:00', 3),
       (17, 43, '2023-03-11 18:00:00', 3),
       (17, 44, '2023-03-11 18:00:00', 3),
       (17, 45, '2023-03-11 18:00:00', 3),
       (17, 46, '2023-03-11 18:00:00', 3),
       (17, 47, '2023-03-11 18:00:00', 3),
       (17, 48, '2023-03-11 18:00:00', 3),
       (17, 49, '2023-03-11 18:00:00', 3),
       (17, 50, '2023-03-11 18:00:00', 3),
       (17, 51, '2023-03-11 18:00:00', 3),
       (17, 52, '2023-03-11 18:00:00', 3),
       (17, 53, '2023-03-11 18:00:00', 3),
       (17, 54, '2023-03-11 18:00:00', 3),
       (17, 55, '2023-03-11 18:00:00', 3),
       (17, 56, '2023-03-11 18:00:00', 3),
       (17, 57, '2023-03-11 18:00:00', 3),
       (17, 58, '2023-03-11 18:00:00', 3),
       (17, 59, '2023-03-11 18:00:00', 3),
       (17, 60, '2023-03-11 18:00:00', 3),
       (17, 61, '2023-03-11 18:00:00', 3),
       (17, 62, '2023-03-11 18:00:00', 3),
       (17, 63, '2023-03-11 18:00:00', 3),
       (17, 64, '2023-03-11 18:00:00', 3),
       (17, 65, '2023-03-11 18:00:00', 3),
       (17, 66, '2023-03-11 18:00:00', 3),
       (17, 67, '2023-03-11 18:00:00', 3),
       (17, 68, '2023-03-11 18:00:00', 3),
       (17, 69, '2023-03-11 18:00:00', 3),
       (17, 70, '2023-03-11 18:00:00', 3),
       (17, 71, '2023-03-11 18:00:00', 3),
       (17, 72, '2023-03-11 18:00:00', 3),
       (17, 73, '2023-03-11 18:00:00', 3),
       (17, 74, '2023-03-11 18:00:00', 3),
       (17, 75, '2023-03-11 18:00:00', 3),
       (17, 76, '2023-03-11 18:00:00', 3),
       (17, 77, '2023-03-11 18:00:00', 3),
       (17, 78, '2023-03-11 18:00:00', 3),
       (17, 79, '2023-03-11 18:00:00', 3),
       (17, 80, '2023-03-11 18:00:00', 3),
       (17, 81, '2023-03-11 18:00:00', 3),
       (17, 82, '2023-03-11 18:00:00', 3),
       (17, 83, '2023-03-11 18:00:00', 3),
       (17, 84, '2023-03-11 18:00:00', 3),
       (17, 85, '2023-03-11 18:00:00', 3),
       (17, 86, '2023-03-11 18:00:00', 3),
       (17, 87, '2023-03-11 18:00:00', 3),
       (17, 88, '2023-03-11 18:00:00', 3),
       (17, 89, '2023-03-11 18:00:00', 3),
       (17, 90, '2023-03-11 18:00:00', 3),
       (17, 91, '2023-03-11 18:00:00', 3),
       (17, 92, '2023-03-11 18:00:00', 3),
       (17, 93, '2023-03-11 18:00:00', 3),
       (17, 94, '2023-03-11 18:00:00', 3),
       (17, 95, '2023-03-11 18:00:00', 3),
       (17, 96, '2023-03-11 18:00:00', 3),
       (17, 97, '2023-03-11 18:00:00', 3),
       (17, 98, '2023-03-11 18:00:00', 3),
       (17, 99, '2023-03-11 18:00:00', 3),
       (17, 100, '2023-03-11 18:00:00', 3),
       (17, 101, '2023-03-11 18:00:00', 3),
       (17, 102, '2023-03-11 18:00:00', 3),
       (17, 103, '2023-03-11 18:00:00', 3),
       (17, 104, '2023-03-11 18:00:00', 3),
       (17, 105, '2023-03-11 18:00:00', 3),
       (17, 106, '2023-03-11 18:00:00', 3),
       (17, 107, '2023-03-11 18:00:00', 3),
       (17, 108, '2023-03-11 18:00:00', 3),
       (17, 109, '2023-03-11 18:00:00', 3),
       (17, 110, '2023-03-11 18:00:00', 3),
       (17, 111, '2023-03-11 18:00:00', 3),
       (17, 112, '2023-03-11 18:00:00', 3),
       (17, 113, '2023-03-11 18:00:00', 3),
       (17, 114, '2023-03-11 18:00:00', 3),
       (17, 115, '2023-03-11 18:00:00', 3),
       (17, 116, '2023-03-11 18:00:00', 3),
       (17, 117, '2023-03-11 18:00:00', 3),
       (17, 118, '2023-03-11 18:00:00', 3),
       (17, 119, '2023-03-11 18:00:00', 3),
       (17, 120, '2023-03-11 18:00:00', 3),
       (16, 1, '2023-03-11 21:00:00', 4),
       (16, 2, '2023-03-11 21:00:00', 4),
       (16, 3, '2023-03-11 21:00:00', 4),
       (16, 4, '2023-03-11 21:00:00', 4),
       (16, 5, '2023-03-11 21:00:00', 4),
       (16, 6, '2023-03-11 21:00:00', 4),
       (16, 7, '2023-03-11 21:00:00', 4),
       (16, 8, '2023-03-11 21:00:00', 4),
       (16, 9, '2023-03-11 21:00:00', 4),
       (16, 10, '2023-03-11 21:00:00', 4),
       (16, 11, '2023-03-11 21:00:00', 4),
       (16, 12, '2023-03-11 21:00:00', 4),
       (16, 13, '2023-03-11 21:00:00', 4),
       (16, 14, '2023-03-11 21:00:00', 4),
       (16, 15, '2023-03-11 21:00:00', 4),
       (16, 16, '2023-03-11 21:00:00', 4),
       (16, 17, '2023-03-11 21:00:00', 4),
       (16, 18, '2023-03-11 21:00:00', 4),
       (16, 19, '2023-03-11 21:00:00', 4),
       (16, 20, '2023-03-11 21:00:00', 4),
       (16, 21, '2023-03-11 21:00:00', 4),
       (16, 22, '2023-03-11 21:00:00', 4),
       (16, 23, '2023-03-11 21:00:00', 4),
       (16, 24, '2023-03-11 21:00:00', 4),
       (16, 25, '2023-03-11 21:00:00', 4),
       (16, 26, '2023-03-11 21:00:00', 4),
       (16, 27, '2023-03-11 21:00:00', 4),
       (16, 28, '2023-03-11 21:00:00', 4),
       (16, 29, '2023-03-11 21:00:00', 4),
       (16, 30, '2023-03-11 21:00:00', 4),
       (16, 31, '2023-03-11 21:00:00', 4),
       (16, 32, '2023-03-11 21:00:00', 4),
       (16, 33, '2023-03-11 21:00:00', 4),
       (16, 34, '2023-03-11 21:00:00', 4),
       (16, 35, '2023-03-11 21:00:00', 4),
       (16, 36, '2023-03-11 21:00:00', 4),
       (16, 37, '2023-03-11 21:00:00', 4),
       (16, 38, '2023-03-11 21:00:00', 4),
       (16, 39, '2023-03-11 21:00:00', 4),
       (16, 40, '2023-03-11 21:00:00', 4),
       (16, 41, '2023-03-11 21:00:00', 4),
       (16, 42, '2023-03-11 21:00:00', 4),
       (16, 43, '2023-03-11 21:00:00', 4),
       (16, 44, '2023-03-11 21:00:00', 4),
       (16, 45, '2023-03-11 21:00:00', 4),
       (16, 46, '2023-03-11 21:00:00', 4),
       (16, 47, '2023-03-11 21:00:00', 4),
       (16, 48, '2023-03-11 21:00:00', 4),
       (16, 49, '2023-03-11 21:00:00', 4),
       (16, 50, '2023-03-11 21:00:00', 4),
       (16, 51, '2023-03-11 21:00:00', 4),
       (16, 52, '2023-03-11 21:00:00', 4),
       (16, 53, '2023-03-11 21:00:00', 4),
       (16, 54, '2023-03-11 21:00:00', 4),
       (16, 55, '2023-03-11 21:00:00', 4),
       (16, 56, '2023-03-11 21:00:00', 4),
       (16, 57, '2023-03-11 21:00:00', 4),
       (16, 58, '2023-03-11 21:00:00', 4),
       (16, 59, '2023-03-11 21:00:00', 4),
       (16, 60, '2023-03-11 21:00:00', 4),
       (16, 61, '2023-03-11 21:00:00', 4),
       (16, 62, '2023-03-11 21:00:00', 4),
       (16, 63, '2023-03-11 21:00:00', 4),
       (16, 64, '2023-03-11 21:00:00', 4),
       (16, 65, '2023-03-11 21:00:00', 4),
       (16, 66, '2023-03-11 21:00:00', 4),
       (16, 67, '2023-03-11 21:00:00', 4),
       (16, 68, '2023-03-11 21:00:00', 4),
       (16, 69, '2023-03-11 21:00:00', 4),
       (16, 70, '2023-03-11 21:00:00', 4),
       (16, 71, '2023-03-11 21:00:00', 4),
       (16, 72, '2023-03-11 21:00:00', 4),
       (16, 73, '2023-03-11 21:00:00', 4),
       (16, 74, '2023-03-11 21:00:00', 4),
       (16, 75, '2023-03-11 21:00:00', 4),
       (16, 76, '2023-03-11 21:00:00', 4),
       (16, 77, '2023-03-11 21:00:00', 4),
       (16, 78, '2023-03-11 21:00:00', 4),
       (16, 79, '2023-03-11 21:00:00', 4),
       (16, 80, '2023-03-11 21:00:00', 4),
       (16, 81, '2023-03-11 21:00:00', 4),
       (16, 82, '2023-03-11 21:00:00', 4),
       (16, 83, '2023-03-11 21:00:00', 4),
       (16, 84, '2023-03-11 21:00:00', 4),
       (16, 85, '2023-03-11 21:00:00', 4),
       (16, 86, '2023-03-11 21:00:00', 4),
       (16, 87, '2023-03-11 21:00:00', 4),
       (16, 88, '2023-03-11 21:00:00', 4),
       (16, 89, '2023-03-11 21:00:00', 4),
       (16, 90, '2023-03-11 21:00:00', 4),
       (17, 1, '2023-03-12 12:00:00', 5),
       (17, 2, '2023-03-12 12:00:00', 5),
       (17, 3, '2023-03-12 12:00:00', 5),
       (17, 4, '2023-03-12 12:00:00', 5),
       (17, 5, '2023-03-12 12:00:00', 5),
       (17, 6, '2023-03-12 12:00:00', 5),
       (17, 7, '2023-03-12 12:00:00', 5),
       (17, 8, '2023-03-12 12:00:00', 5),
       (17, 9, '2023-03-12 12:00:00', 5),
       (17, 10, '2023-03-12 12:00:00', 5),
       (17, 11, '2023-03-12 12:00:00', 5),
       (17, 12, '2023-03-12 12:00:00', 5),
       (17, 13, '2023-03-12 12:00:00', 5),
       (17, 14, '2023-03-12 12:00:00', 5),
       (17, 15, '2023-03-12 12:00:00', 5),
       (17, 16, '2023-03-12 12:00:00', 5),
       (17, 17, '2023-03-12 12:00:00', 5),
       (17, 18, '2023-03-12 12:00:00', 5),
       (17, 19, '2023-03-12 12:00:00', 5),
       (17, 20, '2023-03-12 12:00:00', 5),
       (17, 21, '2023-03-12 12:00:00', 5),
       (17, 22, '2023-03-12 12:00:00', 5),
       (17, 23, '2023-03-12 12:00:00', 5),
       (17, 24, '2023-03-12 12:00:00', 5),
       (17, 25, '2023-03-12 12:00:00', 5),
       (17, 26, '2023-03-12 12:00:00', 5),
       (17, 27, '2023-03-12 12:00:00', 5),
       (17, 28, '2023-03-12 12:00:00', 5),
       (17, 29, '2023-03-12 12:00:00', 5),
       (17, 30, '2023-03-12 12:00:00', 5),
       (17, 31, '2023-03-12 12:00:00', 5),
       (17, 32, '2023-03-12 12:00:00', 5),
       (17, 33, '2023-03-12 12:00:00', 5),
       (17, 34, '2023-03-12 12:00:00', 5),
       (17, 35, '2023-03-12 12:00:00', 5),
       (17, 36, '2023-03-12 12:00:00', 5),
       (17, 37, '2023-03-12 12:00:00', 5),
       (17, 38, '2023-03-12 12:00:00', 5),
       (17, 39, '2023-03-12 12:00:00', 5),
       (17, 40, '2023-03-12 12:00:00', 5),
       (17, 41, '2023-03-12 12:00:00', 5),
       (17, 42, '2023-03-12 12:00:00', 5),
       (17, 43, '2023-03-12 12:00:00', 5),
       (17, 44, '2023-03-12 12:00:00', 5),
       (17, 45, '2023-03-12 12:00:00', 5),
       (17, 46, '2023-03-12 12:00:00', 5),
       (17, 47, '2023-03-12 12:00:00', 5),
       (17, 48, '2023-03-12 12:00:00', 5),
       (17, 49, '2023-03-12 12:00:00', 5),
       (17, 50, '2023-03-12 12:00:00', 5),
       (17, 51, '2023-03-12 12:00:00', 5),
       (17, 52, '2023-03-12 12:00:00', 5),
       (17, 53, '2023-03-12 12:00:00', 5),
       (17, 54, '2023-03-12 12:00:00', 5),
       (17, 55, '2023-03-12 12:00:00', 5),
       (17, 56, '2023-03-12 12:00:00', 5),
       (17, 57, '2023-03-12 12:00:00', 5),
       (17, 58, '2023-03-12 12:00:00', 5),
       (17, 59, '2023-03-12 12:00:00', 5),
       (17, 60, '2023-03-12 12:00:00', 5),
       (17, 61, '2023-03-12 12:00:00', 5),
       (17, 62, '2023-03-12 12:00:00', 5),
       (17, 63, '2023-03-12 12:00:00', 5),
       (17, 64, '2023-03-12 12:00:00', 5),
       (17, 65, '2023-03-12 12:00:00', 5),
       (17, 66, '2023-03-12 12:00:00', 5),
       (17, 67, '2023-03-12 12:00:00', 5),
       (17, 68, '2023-03-12 12:00:00', 5),
       (17, 69, '2023-03-12 12:00:00', 5),
       (17, 70, '2023-03-12 12:00:00', 5),
       (17, 71, '2023-03-12 12:00:00', 5),
       (17, 72, '2023-03-12 12:00:00', 5),
       (17, 73, '2023-03-12 12:00:00', 5),
       (17, 74, '2023-03-12 12:00:00', 5),
       (17, 75, '2023-03-12 12:00:00', 5),
       (17, 76, '2023-03-12 12:00:00', 5),
       (17, 77, '2023-03-12 12:00:00', 5),
       (17, 78, '2023-03-12 12:00:00', 5),
       (17, 79, '2023-03-12 12:00:00', 5),
       (17, 80, '2023-03-12 12:00:00', 5),
       (17, 81, '2023-03-12 12:00:00', 5),
       (17, 82, '2023-03-12 12:00:00', 5),
       (17, 83, '2023-03-12 12:00:00', 5),
       (17, 84, '2023-03-12 12:00:00', 5),
       (17, 85, '2023-03-12 12:00:00', 5),
       (17, 86, '2023-03-12 12:00:00', 5),
       (17, 87, '2023-03-12 12:00:00', 5),
       (17, 88, '2023-03-12 12:00:00', 5),
       (17, 89, '2023-03-12 12:00:00', 5),
       (17, 90, '2023-03-12 12:00:00', 5),
       (17, 91, '2023-03-12 12:00:00', 5),
       (17, 92, '2023-03-12 12:00:00', 5),
       (17, 93, '2023-03-12 12:00:00', 5),
       (17, 94, '2023-03-12 12:00:00', 5),
       (17, 95, '2023-03-12 12:00:00', 5),
       (17, 96, '2023-03-12 12:00:00', 5),
       (17, 97, '2023-03-12 12:00:00', 5),
       (17, 98, '2023-03-12 12:00:00', 5),
       (17, 99, '2023-03-12 12:00:00', 5),
       (17, 100, '2023-03-12 12:00:00', 5),
       (17, 101, '2023-03-12 12:00:00', 5),
       (17, 102, '2023-03-12 12:00:00', 5),
       (17, 103, '2023-03-12 12:00:00', 5),
       (17, 104, '2023-03-12 12:00:00', 5),
       (17, 105, '2023-03-12 12:00:00', 5),
       (17, 106, '2023-03-12 12:00:00', 5),
       (17, 107, '2023-03-12 12:00:00', 5),
       (17, 108, '2023-03-12 12:00:00', 5),
       (17, 109, '2023-03-12 12:00:00', 5),
       (17, 110, '2023-03-12 12:00:00', 5),
       (17, 111, '2023-03-12 12:00:00', 5),
       (17, 112, '2023-03-12 12:00:00', 5),
       (17, 113, '2023-03-12 12:00:00', 5),
       (17, 114, '2023-03-12 12:00:00', 5),
       (17, 115, '2023-03-12 12:00:00', 5),
       (17, 116, '2023-03-12 12:00:00', 5),
       (17, 117, '2023-03-12 12:00:00', 5),
       (17, 118, '2023-03-12 12:00:00', 5),
       (17, 119, '2023-03-12 12:00:00', 5),
       (17, 120, '2023-03-12 12:00:00', 5),
       (17, 121, '2023-03-12 12:00:00', 5),
       (17, 122, '2023-03-12 12:00:00', 5),
       (17, 123, '2023-03-12 12:00:00', 5),
       (17, 124, '2023-03-12 12:00:00', 5),
       (17, 125, '2023-03-12 12:00:00', 5),
       (17, 126, '2023-03-12 12:00:00', 5),
       (17, 127, '2023-03-12 12:00:00', 5),
       (17, 128, '2023-03-12 12:00:00', 5),
       (17, 129, '2023-03-12 12:00:00', 5),
       (17, 130, '2023-03-12 12:00:00', 5),
       (17, 131, '2023-03-12 12:00:00', 5),
       (17, 132, '2023-03-12 12:00:00', 5),
       (17, 133, '2023-03-12 12:00:00', 5),
       (17, 134, '2023-03-12 12:00:00', 5),
       (17, 135, '2023-03-12 12:00:00', 5),
       (17, 136, '2023-03-12 12:00:00', 5),
       (17, 137, '2023-03-12 12:00:00', 5),
       (17, 138, '2023-03-12 12:00:00', 5),
       (17, 139, '2023-03-12 12:00:00', 5),
       (17, 140, '2023-03-12 12:00:00', 5),
       (17, 141, '2023-03-12 12:00:00', 5),
       (17, 142, '2023-03-12 12:00:00', 5),
       (17, 143, '2023-03-12 12:00:00', 5),
       (17, 144, '2023-03-12 12:00:00', 5),
       (17, 145, '2023-03-12 12:00:00', 5),
       (17, 146, '2023-03-12 12:00:00', 5),
       (17, 147, '2023-03-12 12:00:00', 5),
       (17, 148, '2023-03-12 12:00:00', 5),
       (17, 149, '2023-03-12 12:00:00', 5),
       (17, 150, '2023-03-12 12:00:00', 5),
       (16, 1, '2023-03-12 15:00:00', 6),
       (16, 2, '2023-03-12 15:00:00', 6),
       (16, 3, '2023-03-12 15:00:00', 6),
       (16, 4, '2023-03-12 15:00:00', 6),
       (16, 5, '2023-03-12 15:00:00', 6),
       (16, 6, '2023-03-12 15:00:00', 6),
       (16, 7, '2023-03-12 15:00:00', 6),
       (16, 8, '2023-03-12 15:00:00', 6),
       (16, 9, '2023-03-12 15:00:00', 6),
       (16, 10, '2023-03-12 15:00:00', 6),
       (16, 11, '2023-03-12 15:00:00', 6),
       (16, 12, '2023-03-12 15:00:00', 6),
       (16, 13, '2023-03-12 15:00:00', 6),
       (16, 14, '2023-03-12 15:00:00', 6),
       (16, 15, '2023-03-12 15:00:00', 6),
       (16, 16, '2023-03-12 15:00:00', 6),
       (16, 17, '2023-03-12 15:00:00', 6),
       (16, 18, '2023-03-12 15:00:00', 6),
       (16, 19, '2023-03-12 15:00:00', 6),
       (16, 20, '2023-03-12 15:00:00', 6),
       (16, 21, '2023-03-12 15:00:00', 6),
       (16, 22, '2023-03-12 15:00:00', 6),
       (16, 23, '2023-03-12 15:00:00', 6),
       (16, 24, '2023-03-12 15:00:00', 6),
       (16, 25, '2023-03-12 15:00:00', 6),
       (16, 26, '2023-03-12 15:00:00', 6),
       (16, 27, '2023-03-12 15:00:00', 6),
       (16, 28, '2023-03-12 15:00:00', 6),
       (16, 29, '2023-03-12 15:00:00', 6),
       (16, 30, '2023-03-12 15:00:00', 6),
       (16, 31, '2023-03-12 15:00:00', 6),
       (16, 32, '2023-03-12 15:00:00', 6),
       (16, 33, '2023-03-12 15:00:00', 6),
       (16, 34, '2023-03-12 15:00:00', 6),
       (16, 35, '2023-03-12 15:00:00', 6),
       (16, 36, '2023-03-12 15:00:00', 6),
       (16, 37, '2023-03-12 15:00:00', 6),
       (16, 38, '2023-03-12 15:00:00', 6),
       (16, 39, '2023-03-12 15:00:00', 6),
       (16, 40, '2023-03-12 15:00:00', 6),
       (16, 41, '2023-03-12 15:00:00', 6),
       (16, 42, '2023-03-12 15:00:00', 6),
       (16, 43, '2023-03-12 15:00:00', 6),
       (16, 44, '2023-03-12 15:00:00', 6),
       (16, 45, '2023-03-12 15:00:00', 6),
       (16, 46, '2023-03-12 15:00:00', 6),
       (16, 47, '2023-03-12 15:00:00', 6),
       (16, 48, '2023-03-12 15:00:00', 6),
       (16, 49, '2023-03-12 15:00:00', 6),
       (16, 50, '2023-03-12 15:00:00', 6),
       (16, 51, '2023-03-12 15:00:00', 6),
       (16, 52, '2023-03-12 15:00:00', 6),
       (16, 53, '2023-03-12 15:00:00', 6),
       (16, 54, '2023-03-12 15:00:00', 6),
       (16, 55, '2023-03-12 15:00:00', 6),
       (16, 56, '2023-03-12 15:00:00', 6),
       (16, 57, '2023-03-12 15:00:00', 6),
       (16, 58, '2023-03-12 15:00:00', 6),
       (16, 59, '2023-03-12 15:00:00', 6),
       (16, 60, '2023-03-12 15:00:00', 6),
       (16, 61, '2023-03-12 15:00:00', 6),
       (16, 62, '2023-03-12 15:00:00', 6),
       (16, 63, '2023-03-12 15:00:00', 6),
       (16, 64, '2023-03-12 15:00:00', 6),
       (16, 65, '2023-03-12 15:00:00', 6),
       (16, 66, '2023-03-12 15:00:00', 6),
       (16, 67, '2023-03-12 15:00:00', 6),
       (16, 68, '2023-03-12 15:00:00', 6),
       (16, 69, '2023-03-12 15:00:00', 6),
       (16, 70, '2023-03-12 15:00:00', 6),
       (16, 71, '2023-03-12 15:00:00', 6),
       (16, 72, '2023-03-12 15:00:00', 6),
       (16, 73, '2023-03-12 15:00:00', 6),
       (16, 74, '2023-03-12 15:00:00', 6),
       (16, 75, '2023-03-12 15:00:00', 6),
       (16, 76, '2023-03-12 15:00:00', 6),
       (16, 77, '2023-03-12 15:00:00', 6),
       (16, 78, '2023-03-12 15:00:00', 6),
       (16, 79, '2023-03-12 15:00:00', 6),
       (16, 80, '2023-03-12 15:00:00', 6),
       (16, 81, '2023-03-12 15:00:00', 6),
       (16, 82, '2023-03-12 15:00:00', 6),
       (16, 83, '2023-03-12 15:00:00', 6),
       (16, 84, '2023-03-12 15:00:00', 6),
       (16, 85, '2023-03-12 15:00:00', 6),
       (16, 86, '2023-03-12 15:00:00', 6),
       (16, 87, '2023-03-12 15:00:00', 6),
       (16, 88, '2023-03-12 15:00:00', 6),
       (16, 89, '2023-03-12 15:00:00', 6),
       (16, 90, '2023-03-12 15:00:00', 6),
       (16, 91, '2023-03-12 15:00:00', 6),
       (16, 92, '2023-03-12 15:00:00', 6),
       (16, 93, '2023-03-12 15:00:00', 6),
       (16, 94, '2023-03-12 15:00:00', 6),
       (16, 95, '2023-03-12 15:00:00', 6),
       (16, 96, '2023-03-12 15:00:00', 6),
       (16, 97, '2023-03-12 15:00:00', 6),
       (16, 98, '2023-03-12 15:00:00', 6),
       (16, 99, '2023-03-12 15:00:00', 6),
       (16, 100, '2023-03-12 15:00:00', 6),
       (16, 101, '2023-03-12 15:00:00', 6),
       (16, 102, '2023-03-12 15:00:00', 6),
       (16, 103, '2023-03-12 15:00:00', 6),
       (16, 104, '2023-03-12 15:00:00', 6),
       (16, 105, '2023-03-12 15:00:00', 6),
       (16, 106, '2023-03-12 15:00:00', 6),
       (16, 107, '2023-03-12 15:00:00', 6),
       (16, 108, '2023-03-12 15:00:00', 6),
       (16, 109, '2023-03-12 15:00:00', 6),
       (16, 110, '2023-03-12 15:00:00', 6),
       (17, 1, '2023-03-12 18:00:00', 7),
       (17, 2, '2023-03-12 18:00:00', 7),
       (17, 3, '2023-03-12 18:00:00', 7),
       (17, 4, '2023-03-12 18:00:00', 7),
       (17, 5, '2023-03-12 18:00:00', 7),
       (17, 6, '2023-03-12 18:00:00', 7),
       (17, 7, '2023-03-12 18:00:00', 7),
       (17, 8, '2023-03-12 18:00:00', 7),
       (17, 9, '2023-03-12 18:00:00', 7),
       (17, 10, '2023-03-12 18:00:00', 7),
       (17, 11, '2023-03-12 18:00:00', 7),
       (17, 12, '2023-03-12 18:00:00', 7),
       (17, 13, '2023-03-12 18:00:00', 7),
       (17, 14, '2023-03-12 18:00:00', 7),
       (17, 15, '2023-03-12 18:00:00', 7),
       (17, 16, '2023-03-12 18:00:00', 7),
       (17, 17, '2023-03-12 18:00:00', 7),
       (17, 18, '2023-03-12 18:00:00', 7),
       (17, 19, '2023-03-12 18:00:00', 7),
       (17, 20, '2023-03-12 18:00:00', 7),
       (17, 21, '2023-03-12 18:00:00', 7),
       (17, 22, '2023-03-12 18:00:00', 7),
       (17, 23, '2023-03-12 18:00:00', 7),
       (17, 24, '2023-03-12 18:00:00', 7),
       (17, 25, '2023-03-12 18:00:00', 7),
       (17, 26, '2023-03-12 18:00:00', 7),
       (17, 27, '2023-03-12 18:00:00', 7),
       (17, 28, '2023-03-12 18:00:00', 7),
       (17, 29, '2023-03-12 18:00:00', 7),
       (17, 30, '2023-03-12 18:00:00', 7),
       (17, 31, '2023-03-12 18:00:00', 7),
       (17, 32, '2023-03-12 18:00:00', 7),
       (17, 33, '2023-03-12 18:00:00', 7),
       (17, 34, '2023-03-12 18:00:00', 7),
       (17, 35, '2023-03-12 18:00:00', 7),
       (17, 36, '2023-03-12 18:00:00', 7),
       (17, 37, '2023-03-12 18:00:00', 7),
       (17, 38, '2023-03-12 18:00:00', 7),
       (17, 39, '2023-03-12 18:00:00', 7),
       (17, 40, '2023-03-12 18:00:00', 7),
       (17, 41, '2023-03-12 18:00:00', 7),
       (17, 42, '2023-03-12 18:00:00', 7),
       (17, 43, '2023-03-12 18:00:00', 7),
       (17, 44, '2023-03-12 18:00:00', 7),
       (17, 45, '2023-03-12 18:00:00', 7),
       (17, 46, '2023-03-12 18:00:00', 7),
       (17, 47, '2023-03-12 18:00:00', 7),
       (17, 48, '2023-03-12 18:00:00', 7),
       (17, 49, '2023-03-12 18:00:00', 7),
       (17, 50, '2023-03-12 18:00:00', 7),
       (17, 51, '2023-03-12 18:00:00', 7),
       (17, 52, '2023-03-12 18:00:00', 7),
       (17, 53, '2023-03-12 18:00:00', 7),
       (17, 54, '2023-03-12 18:00:00', 7),
       (17, 55, '2023-03-12 18:00:00', 7),
       (17, 56, '2023-03-12 18:00:00', 7),
       (17, 57, '2023-03-12 18:00:00', 7),
       (17, 58, '2023-03-12 18:00:00', 7),
       (17, 59, '2023-03-12 18:00:00', 7),
       (17, 60, '2023-03-12 18:00:00', 7),
       (17, 61, '2023-03-12 18:00:00', 7),
       (17, 62, '2023-03-12 18:00:00', 7),
       (17, 63, '2023-03-12 18:00:00', 7),
       (17, 64, '2023-03-12 18:00:00', 7),
       (17, 65, '2023-03-12 18:00:00', 7),
       (17, 66, '2023-03-12 18:00:00', 7),
       (17, 67, '2023-03-12 18:00:00', 7),
       (17, 68, '2023-03-12 18:00:00', 7),
       (17, 69, '2023-03-12 18:00:00', 7),
       (17, 70, '2023-03-12 18:00:00', 7),
       (17, 71, '2023-03-12 18:00:00', 7),
       (17, 72, '2023-03-12 18:00:00', 7),
       (17, 73, '2023-03-12 18:00:00', 7),
       (17, 74, '2023-03-12 18:00:00', 7),
       (17, 75, '2023-03-12 18:00:00', 7),
       (17, 76, '2023-03-12 18:00:00', 7),
       (17, 77, '2023-03-12 18:00:00', 7),
       (17, 78, '2023-03-12 18:00:00', 7),
       (17, 79, '2023-03-12 18:00:00', 7),
       (17, 80, '2023-03-12 18:00:00', 7),
       (17, 81, '2023-03-12 18:00:00', 7),
       (17, 82, '2023-03-12 18:00:00', 7),
       (17, 83, '2023-03-12 18:00:00', 7),
       (17, 84, '2023-03-12 18:00:00', 7),
       (17, 85, '2023-03-12 18:00:00', 7),
       (17, 86, '2023-03-12 18:00:00', 7),
       (17, 87, '2023-03-12 18:00:00', 7),
       (17, 88, '2023-03-12 18:00:00', 7),
       (17, 89, '2023-03-12 18:00:00', 7),
       (17, 90, '2023-03-12 18:00:00', 7),
       (17, 91, '2023-03-12 18:00:00', 7),
       (17, 92, '2023-03-12 18:00:00', 7),
       (17, 93, '2023-03-12 18:00:00', 7),
       (17, 94, '2023-03-12 18:00:00', 7),
       (17, 95, '2023-03-12 18:00:00', 7),
       (17, 96, '2023-03-12 18:00:00', 7),
       (17, 97, '2023-03-12 18:00:00', 7),
       (17, 98, '2023-03-12 18:00:00', 7),
       (17, 99, '2023-03-12 18:00:00', 7),
       (17, 100, '2023-03-12 18:00:00', 7),
       (17, 101, '2023-03-12 18:00:00', 7),
       (17, 102, '2023-03-12 18:00:00', 7),
       (17, 103, '2023-03-12 18:00:00', 7),
       (17, 104, '2023-03-12 18:00:00', 7),
       (17, 105, '2023-03-12 18:00:00', 7),
       (17, 106, '2023-03-12 18:00:00', 7),
       (17, 107, '2023-03-12 18:00:00', 7),
       (17, 108, '2023-03-12 18:00:00', 7),
       (17, 109, '2023-03-12 18:00:00', 7),
       (17, 110, '2023-03-12 18:00:00', 7),
       (17, 111, '2023-03-12 18:00:00', 7),
       (17, 112, '2023-03-12 18:00:00', 7),
       (17, 113, '2023-03-12 18:00:00', 7),
       (17, 114, '2023-03-12 18:00:00', 7),
       (17, 115, '2023-03-12 18:00:00', 7),
       (17, 116, '2023-03-12 18:00:00', 7),
       (17, 117, '2023-03-12 18:00:00', 7),
       (17, 118, '2023-03-12 18:00:00', 7),
       (17, 119, '2023-03-12 18:00:00', 7),
       (17, 120, '2023-03-12 18:00:00', 7),
       (17, 121, '2023-03-12 18:00:00', 7),
       (17, 122, '2023-03-12 18:00:00', 7),
       (17, 123, '2023-03-12 18:00:00', 7),
       (17, 124, '2023-03-12 18:00:00', 7),
       (17, 125, '2023-03-12 18:00:00', 7),
       (17, 126, '2023-03-12 18:00:00', 7),
       (17, 127, '2023-03-12 18:00:00', 7),
       (17, 128, '2023-03-12 18:00:00', 7),
       (17, 129, '2023-03-12 18:00:00', 7),
       (17, 130, '2023-03-12 18:00:00', 7),
       (17, 131, '2023-03-12 18:00:00', 7),
       (17, 132, '2023-03-12 18:00:00', 7),
       (17, 133, '2023-03-12 18:00:00', 7),
       (17, 134, '2023-03-12 18:00:00', 7),
       (17, 135, '2023-03-12 18:00:00', 7),
       (17, 136, '2023-03-12 18:00:00', 7),
       (17, 137, '2023-03-12 18:00:00', 7),
       (17, 138, '2023-03-12 18:00:00', 7),
       (17, 139, '2023-03-12 18:00:00', 7),
       (17, 140, '2023-03-12 18:00:00', 7),
       (17, 141, '2023-03-12 18:00:00', 7),
       (17, 142, '2023-03-12 18:00:00', 7),
       (17, 143, '2023-03-12 18:00:00', 7),
       (17, 144, '2023-03-12 18:00:00', 7),
       (17, 145, '2023-03-12 18:00:00', 7),
       (17, 146, '2023-03-12 18:00:00', 7),
       (17, 147, '2023-03-12 18:00:00', 7),
       (17, 148, '2023-03-12 18:00:00', 7),
       (17, 149, '2023-03-12 18:00:00', 7),
       (17, 150, '2023-03-12 18:00:00', 7),
       (17, 151, '2023-03-12 18:00:00', 7),
       (17, 152, '2023-03-12 18:00:00', 7),
       (17, 153, '2023-03-12 18:00:00', 7),
       (17, 154, '2023-03-12 18:00:00', 7),
       (17, 155, '2023-03-12 18:00:00', 7),
       (17, 156, '2023-03-12 18:00:00', 7),
       (17, 157, '2023-03-12 18:00:00', 7),
       (17, 158, '2023-03-12 18:00:00', 7),
       (17, 159, '2023-03-12 18:00:00', 7),
       (17, 160, '2023-03-12 18:00:00', 7),
       (17, 161, '2023-03-12 18:00:00', 7),
       (17, 162, '2023-03-12 18:00:00', 7),
       (17, 163, '2023-03-12 18:00:00', 7),
       (17, 164, '2023-03-12 18:00:00', 7),
       (17, 165, '2023-03-12 18:00:00', 7),
       (17, 166, '2023-03-12 18:00:00', 7),
       (17, 167, '2023-03-12 18:00:00', 7),
       (17, 168, '2023-03-12 18:00:00', 7),
       (17, 169, '2023-03-12 18:00:00', 7),
       (17, 170, '2023-03-12 18:00:00', 7),
       (17, 171, '2023-03-12 18:00:00', 7),
       (17, 172, '2023-03-12 18:00:00', 7),
       (17, 173, '2023-03-12 18:00:00', 7),
       (17, 174, '2023-03-12 18:00:00', 7),
       (17, 175, '2023-03-12 18:00:00', 7),
       (17, 176, '2023-03-12 18:00:00', 7),
       (17, 177, '2023-03-12 18:00:00', 7),
       (17, 178, '2023-03-12 18:00:00', 7),
       (17, 179, '2023-03-12 18:00:00', 7),
       (17, 180, '2023-03-12 18:00:00', 7),
       (17, 181, '2023-03-12 18:00:00', 7),
       (17, 182, '2023-03-12 18:00:00', 7),
       (17, 183, '2023-03-12 18:00:00', 7),
       (17, 184, '2023-03-12 18:00:00', 7),
       (17, 185, '2023-03-12 18:00:00', 7),
       (17, 186, '2023-03-12 18:00:00', 7),
       (17, 187, '2023-03-12 18:00:00', 7),
       (17, 188, '2023-03-12 18:00:00', 7),
       (17, 189, '2023-03-12 18:00:00', 7),
       (17, 190, '2023-03-12 18:00:00', 7),
       (17, 191, '2023-03-12 18:00:00', 7),
       (17, 192, '2023-03-12 18:00:00', 7),
       (17, 193, '2023-03-12 18:00:00', 7),
       (17, 194, '2023-03-12 18:00:00', 7),
       (17, 195, '2023-03-12 18:00:00', 7),
       (17, 196, '2023-03-12 18:00:00', 7),
       (17, 197, '2023-03-12 18:00:00', 7),
       (17, 198, '2023-03-12 18:00:00', 7),
       (17, 199, '2023-03-12 18:00:00', 7),
       (17, 200, '2023-03-12 18:00:00', 7),
       (16, 1, '2023-03-12 21:00:00', 8),
       (16, 2, '2023-03-12 21:00:00', 8),
       (16, 3, '2023-03-12 21:00:00', 8),
       (16, 4, '2023-03-12 21:00:00', 8),
       (16, 5, '2023-03-12 21:00:00', 8),
       (16, 6, '2023-03-12 21:00:00', 8),
       (16, 7, '2023-03-12 21:00:00', 8),
       (16, 8, '2023-03-12 21:00:00', 8),
       (16, 9, '2023-03-12 21:00:00', 8),
       (16, 10, '2023-03-12 21:00:00', 8),
       (16, 11, '2023-03-12 21:00:00', 8),
       (16, 12, '2023-03-12 21:00:00', 8),
       (16, 13, '2023-03-12 21:00:00', 8),
       (16, 14, '2023-03-12 21:00:00', 8),
       (16, 15, '2023-03-12 21:00:00', 8),
       (16, 16, '2023-03-12 21:00:00', 8),
       (16, 17, '2023-03-12 21:00:00', 8),
       (16, 18, '2023-03-12 21:00:00', 8),
       (16, 19, '2023-03-12 21:00:00', 8),
       (16, 20, '2023-03-12 21:00:00', 8),
       (16, 21, '2023-03-12 21:00:00', 8),
       (16, 22, '2023-03-12 21:00:00', 8),
       (16, 23, '2023-03-12 21:00:00', 8),
       (16, 24, '2023-03-12 21:00:00', 8),
       (16, 25, '2023-03-12 21:00:00', 8),
       (16, 26, '2023-03-12 21:00:00', 8),
       (16, 27, '2023-03-12 21:00:00', 8),
       (16, 28, '2023-03-12 21:00:00', 8),
       (16, 29, '2023-03-12 21:00:00', 8),
       (16, 30, '2023-03-12 21:00:00', 8),
       (16, 31, '2023-03-12 21:00:00', 8),
       (16, 32, '2023-03-12 21:00:00', 8),
       (16, 33, '2023-03-12 21:00:00', 8),
       (16, 34, '2023-03-12 21:00:00', 8),
       (16, 35, '2023-03-12 21:00:00', 8),
       (16, 36, '2023-03-12 21:00:00', 8),
       (16, 37, '2023-03-12 21:00:00', 8),
       (16, 38, '2023-03-12 21:00:00', 8),
       (16, 39, '2023-03-12 21:00:00', 8),
       (16, 40, '2023-03-12 21:00:00', 8),
       (16, 41, '2023-03-12 21:00:00', 8),
       (16, 42, '2023-03-12 21:00:00', 8),
       (16, 43, '2023-03-12 21:00:00', 8),
       (16, 44, '2023-03-12 21:00:00', 8),
       (16, 45, '2023-03-12 21:00:00', 8),
       (16, 46, '2023-03-12 21:00:00', 8),
       (16, 47, '2023-03-12 21:00:00', 8),
       (16, 48, '2023-03-12 21:00:00', 8),
       (16, 49, '2023-03-12 21:00:00', 8),
       (16, 50, '2023-03-12 21:00:00', 8),
       (16, 51, '2023-03-12 21:00:00', 8),
       (16, 52, '2023-03-12 21:00:00', 8),
       (16, 53, '2023-03-12 21:00:00', 8),
       (16, 54, '2023-03-12 21:00:00', 8),
       (16, 55, '2023-03-12 21:00:00', 8),
       (16, 56, '2023-03-12 21:00:00', 8),
       (16, 57, '2023-03-12 21:00:00', 8),
       (16, 58, '2023-03-12 21:00:00', 8),
       (16, 59, '2023-03-12 21:00:00', 8),
       (16, 60, '2023-03-12 21:00:00', 8),
       (16, 61, '2023-03-12 21:00:00', 8),
       (16, 62, '2023-03-12 21:00:00', 8),
       (16, 63, '2023-03-12 21:00:00', 8),
       (16, 64, '2023-03-12 21:00:00', 8),
       (16, 65, '2023-03-12 21:00:00', 8),
       (16, 66, '2023-03-12 21:00:00', 8),
       (16, 67, '2023-03-12 21:00:00', 8),
       (16, 68, '2023-03-12 21:00:00', 8),
       (16, 69, '2023-03-12 21:00:00', 8),
       (16, 70, '2023-03-12 21:00:00', 8),
       (16, 71, '2023-03-12 21:00:00', 8),
       (16, 72, '2023-03-12 21:00:00', 8),
       (16, 73, '2023-03-12 21:00:00', 8),
       (16, 74, '2023-03-12 21:00:00', 8),
       (16, 75, '2023-03-12 21:00:00', 8),
       (16, 76, '2023-03-12 21:00:00', 8),
       (16, 77, '2023-03-12 21:00:00', 8),
       (16, 78, '2023-03-12 21:00:00', 8),
       (16, 79, '2023-03-12 21:00:00', 8),
       (16, 80, '2023-03-12 21:00:00', 8),
       (16, 1, '2023-03-13 12:00:00', 9),
       (16, 2, '2023-03-13 12:00:00', 9),
       (16, 3, '2023-03-13 12:00:00', 9),
       (16, 4, '2023-03-13 12:00:00', 9),
       (16, 5, '2023-03-13 12:00:00', 9),
       (16, 6, '2023-03-13 12:00:00', 9),
       (16, 7, '2023-03-13 12:00:00', 9),
       (16, 8, '2023-03-13 12:00:00', 9),
       (16, 9, '2023-03-13 12:00:00', 9),
       (16, 10, '2023-03-13 12:00:00', 9),
       (16, 11, '2023-03-13 12:00:00', 9),
       (16, 12, '2023-03-13 12:00:00', 9),
       (16, 13, '2023-03-13 12:00:00', 9),
       (16, 14, '2023-03-13 12:00:00', 9),
       (16, 15, '2023-03-13 12:00:00', 9),
       (16, 16, '2023-03-13 12:00:00', 9),
       (16, 17, '2023-03-13 12:00:00', 9),
       (16, 18, '2023-03-13 12:00:00', 9),
       (16, 19, '2023-03-13 12:00:00', 9),
       (16, 20, '2023-03-13 12:00:00', 9),
       (16, 21, '2023-03-13 12:00:00', 9),
       (16, 22, '2023-03-13 12:00:00', 9),
       (16, 23, '2023-03-13 12:00:00', 9),
       (16, 24, '2023-03-13 12:00:00', 9),
       (16, 25, '2023-03-13 12:00:00', 9),
       (16, 26, '2023-03-13 12:00:00', 9),
       (16, 27, '2023-03-13 12:00:00', 9),
       (16, 28, '2023-03-13 12:00:00', 9),
       (16, 29, '2023-03-13 12:00:00', 9),
       (16, 30, '2023-03-13 12:00:00', 9),
       (16, 31, '2023-03-13 12:00:00', 9),
       (16, 32, '2023-03-13 12:00:00', 9),
       (16, 33, '2023-03-13 12:00:00', 9),
       (16, 34, '2023-03-13 12:00:00', 9),
       (16, 35, '2023-03-13 12:00:00', 9),
       (16, 36, '2023-03-13 12:00:00', 9),
       (16, 37, '2023-03-13 12:00:00', 9),
       (16, 38, '2023-03-13 12:00:00', 9),
       (16, 39, '2023-03-13 12:00:00', 9),
       (16, 40, '2023-03-13 12:00:00', 9),
       (16, 41, '2023-03-13 12:00:00', 9),
       (16, 42, '2023-03-13 12:00:00', 9),
       (16, 43, '2023-03-13 12:00:00', 9),
       (16, 44, '2023-03-13 12:00:00', 9),
       (16, 45, '2023-03-13 12:00:00', 9),
       (16, 46, '2023-03-13 12:00:00', 9),
       (16, 47, '2023-03-13 12:00:00', 9),
       (16, 48, '2023-03-13 12:00:00', 9),
       (16, 49, '2023-03-13 12:00:00', 9),
       (16, 50, '2023-03-13 12:00:00', 9),
       (16, 51, '2023-03-13 12:00:00', 9),
       (16, 52, '2023-03-13 12:00:00', 9),
       (16, 53, '2023-03-13 12:00:00', 9),
       (16, 54, '2023-03-13 12:00:00', 9),
       (16, 55, '2023-03-13 12:00:00', 9),
       (16, 56, '2023-03-13 12:00:00', 9),
       (16, 57, '2023-03-13 12:00:00', 9),
       (16, 58, '2023-03-13 12:00:00', 9),
       (16, 59, '2023-03-13 12:00:00', 9),
       (16, 60, '2023-03-13 12:00:00', 9),
       (16, 61, '2023-03-13 12:00:00', 9),
       (16, 62, '2023-03-13 12:00:00', 9),
       (16, 63, '2023-03-13 12:00:00', 9),
       (16, 64, '2023-03-13 12:00:00', 9),
       (16, 65, '2023-03-13 12:00:00', 9),
       (16, 66, '2023-03-13 12:00:00', 9),
       (16, 67, '2023-03-13 12:00:00', 9),
       (16, 68, '2023-03-13 12:00:00', 9),
       (16, 69, '2023-03-13 12:00:00', 9),
       (16, 70, '2023-03-13 12:00:00', 9),
       (16, 71, '2023-03-13 12:00:00', 9),
       (16, 72, '2023-03-13 12:00:00', 9),
       (16, 73, '2023-03-13 12:00:00', 9),
       (16, 74, '2023-03-13 12:00:00', 9),
       (16, 75, '2023-03-13 12:00:00', 9),
       (16, 76, '2023-03-13 12:00:00', 9),
       (16, 77, '2023-03-13 12:00:00', 9),
       (16, 78, '2023-03-13 12:00:00', 9),
       (16, 79, '2023-03-13 12:00:00', 9),
       (16, 80, '2023-03-13 12:00:00', 9),
       (16, 81, '2023-03-13 12:00:00', 9),
       (16, 82, '2023-03-13 12:00:00', 9),
       (16, 83, '2023-03-13 12:00:00', 9),
       (16, 84, '2023-03-13 12:00:00', 9),
       (16, 85, '2023-03-13 12:00:00', 9),
       (16, 86, '2023-03-13 12:00:00', 9),
       (16, 87, '2023-03-13 12:00:00', 9),
       (16, 88, '2023-03-13 12:00:00', 9),
       (16, 89, '2023-03-13 12:00:00', 9),
       (16, 90, '2023-03-13 12:00:00', 9),
       (16, 91, '2023-03-13 12:00:00', 9),
       (16, 92, '2023-03-13 12:00:00', 9),
       (16, 93, '2023-03-13 12:00:00', 9),
       (16, 94, '2023-03-13 12:00:00', 9),
       (16, 95, '2023-03-13 12:00:00', 9),
       (16, 96, '2023-03-13 12:00:00', 9),
       (16, 97, '2023-03-13 12:00:00', 9),
       (16, 98, '2023-03-13 12:00:00', 9),
       (16, 99, '2023-03-13 12:00:00', 9),
       (16, 100, '2023-03-13 12:00:00', 9),
       (16, 101, '2023-03-13 12:00:00', 9),
       (16, 102, '2023-03-13 12:00:00', 9),
       (16, 103, '2023-03-13 12:00:00', 9),
       (16, 104, '2023-03-13 12:00:00', 9),
       (16, 105, '2023-03-13 12:00:00', 9),
       (16, 106, '2023-03-13 12:00:00', 9),
       (16, 107, '2023-03-13 12:00:00', 9),
       (16, 108, '2023-03-13 12:00:00', 9),
       (16, 109, '2023-03-13 12:00:00', 9),
       (16, 110, '2023-03-13 12:00:00', 9),
       (16, 111, '2023-03-13 12:00:00', 9),
       (16, 112, '2023-03-13 12:00:00', 9),
       (16, 113, '2023-03-13 12:00:00', 9),
       (16, 114, '2023-03-13 12:00:00', 9),
       (16, 115, '2023-03-13 12:00:00', 9),
       (16, 116, '2023-03-13 12:00:00', 9),
       (16, 117, '2023-03-13 12:00:00', 9),
       (16, 118, '2023-03-13 12:00:00', 9),
       (16, 119, '2023-03-13 12:00:00', 9),
       (16, 120, '2023-03-13 12:00:00', 9),
       (16, 121, '2023-03-13 12:00:00', 9),
       (16, 122, '2023-03-13 12:00:00', 9),
       (16, 123, '2023-03-13 12:00:00', 9),
       (16, 124, '2023-03-13 12:00:00', 9),
       (16, 125, '2023-03-13 12:00:00', 9),
       (16, 126, '2023-03-13 12:00:00', 9),
       (16, 127, '2023-03-13 12:00:00', 9),
       (16, 128, '2023-03-13 12:00:00', 9),
       (16, 129, '2023-03-13 12:00:00', 9),
       (16, 130, '2023-03-13 12:00:00', 9),
       (17, 1, '2023-03-13 15:00:00', 10),
       (17, 2, '2023-03-13 15:00:00', 10),
       (17, 3, '2023-03-13 15:00:00', 10),
       (17, 4, '2023-03-13 15:00:00', 10),
       (17, 5, '2023-03-13 15:00:00', 10),
       (17, 6, '2023-03-13 15:00:00', 10),
       (17, 7, '2023-03-13 15:00:00', 10),
       (17, 8, '2023-03-13 15:00:00', 10),
       (17, 9, '2023-03-13 15:00:00', 10),
       (17, 10, '2023-03-13 15:00:00', 10),
       (17, 11, '2023-03-13 15:00:00', 10),
       (17, 12, '2023-03-13 15:00:00', 10),
       (17, 13, '2023-03-13 15:00:00', 10),
       (17, 14, '2023-03-13 15:00:00', 10),
       (17, 15, '2023-03-13 15:00:00', 10),
       (17, 16, '2023-03-13 15:00:00', 10),
       (17, 17, '2023-03-13 15:00:00', 10),
       (17, 18, '2023-03-13 15:00:00', 10),
       (17, 19, '2023-03-13 15:00:00', 10),
       (17, 20, '2023-03-13 15:00:00', 10),
       (17, 21, '2023-03-13 15:00:00', 10),
       (17, 22, '2023-03-13 15:00:00', 10),
       (17, 23, '2023-03-13 15:00:00', 10),
       (17, 24, '2023-03-13 15:00:00', 10),
       (17, 25, '2023-03-13 15:00:00', 10),
       (17, 26, '2023-03-13 15:00:00', 10),
       (17, 27, '2023-03-13 15:00:00', 10),
       (17, 28, '2023-03-13 15:00:00', 10),
       (17, 29, '2023-03-13 15:00:00', 10),
       (17, 30, '2023-03-13 15:00:00', 10),
       (17, 31, '2023-03-13 15:00:00', 10),
       (17, 32, '2023-03-13 15:00:00', 10),
       (17, 33, '2023-03-13 15:00:00', 10),
       (17, 34, '2023-03-13 15:00:00', 10),
       (17, 35, '2023-03-13 15:00:00', 10),
       (17, 36, '2023-03-13 15:00:00', 10),
       (17, 37, '2023-03-13 15:00:00', 10),
       (17, 38, '2023-03-13 15:00:00', 10),
       (17, 39, '2023-03-13 15:00:00', 10),
       (17, 40, '2023-03-13 15:00:00', 10),
       (17, 41, '2023-03-13 15:00:00', 10),
       (17, 42, '2023-03-13 15:00:00', 10),
       (17, 43, '2023-03-13 15:00:00', 10),
       (17, 44, '2023-03-13 15:00:00', 10),
       (17, 45, '2023-03-13 15:00:00', 10),
       (17, 46, '2023-03-13 15:00:00', 10),
       (17, 47, '2023-03-13 15:00:00', 10),
       (17, 48, '2023-03-13 15:00:00', 10),
       (17, 49, '2023-03-13 15:00:00', 10),
       (17, 50, '2023-03-13 15:00:00', 10),
       (17, 51, '2023-03-13 15:00:00', 10),
       (17, 52, '2023-03-13 15:00:00', 10),
       (17, 53, '2023-03-13 15:00:00', 10),
       (17, 54, '2023-03-13 15:00:00', 10),
       (17, 55, '2023-03-13 15:00:00', 10),
       (17, 56, '2023-03-13 15:00:00', 10),
       (17, 57, '2023-03-13 15:00:00', 10),
       (17, 58, '2023-03-13 15:00:00', 10),
       (17, 59, '2023-03-13 15:00:00', 10),
       (17, 60, '2023-03-13 15:00:00', 10),
       (17, 61, '2023-03-13 15:00:00', 10),
       (17, 62, '2023-03-13 15:00:00', 10),
       (17, 63, '2023-03-13 15:00:00', 10),
       (17, 64, '2023-03-13 15:00:00', 10),
       (17, 65, '2023-03-13 15:00:00', 10),
       (17, 66, '2023-03-13 15:00:00', 10),
       (17, 67, '2023-03-13 15:00:00', 10),
       (17, 68, '2023-03-13 15:00:00', 10),
       (17, 69, '2023-03-13 15:00:00', 10),
       (17, 70, '2023-03-13 15:00:00', 10),
       (17, 71, '2023-03-13 15:00:00', 10),
       (17, 72, '2023-03-13 15:00:00', 10),
       (17, 73, '2023-03-13 15:00:00', 10),
       (17, 74, '2023-03-13 15:00:00', 10),
       (17, 75, '2023-03-13 15:00:00', 10),
       (17, 76, '2023-03-13 15:00:00', 10),
       (17, 77, '2023-03-13 15:00:00', 10),
       (17, 78, '2023-03-13 15:00:00', 10),
       (17, 79, '2023-03-13 15:00:00', 10),
       (17, 80, '2023-03-13 15:00:00', 10),
       (17, 81, '2023-03-13 15:00:00', 10),
       (17, 82, '2023-03-13 15:00:00', 10),
       (17, 83, '2023-03-13 15:00:00', 10),
       (17, 84, '2023-03-13 15:00:00', 10),
       (17, 85, '2023-03-13 15:00:00', 10),
       (17, 86, '2023-03-13 15:00:00', 10),
       (17, 87, '2023-03-13 15:00:00', 10),
       (17, 88, '2023-03-13 15:00:00', 10),
       (17, 89, '2023-03-13 15:00:00', 10),
       (17, 90, '2023-03-13 15:00:00', 10),
       (17, 91, '2023-03-13 15:00:00', 10),
       (17, 92, '2023-03-13 15:00:00', 10),
       (17, 93, '2023-03-13 15:00:00', 10),
       (17, 94, '2023-03-13 15:00:00', 10),
       (17, 95, '2023-03-13 15:00:00', 10),
       (17, 96, '2023-03-13 15:00:00', 10),
       (17, 97, '2023-03-13 15:00:00', 10),
       (17, 98, '2023-03-13 15:00:00', 10),
       (17, 99, '2023-03-13 15:00:00', 10),
       (17, 100, '2023-03-13 15:00:00', 10);

-- Sells insertion of data.
INSERT INTO sell (employee_id, customer_id, product_id, ticket_id, sell_time)
VALUES (20, 7, 15, NULL, '2023-03-29 03:45:40'),
       (5, 19, 5, NULL, '2023-03-31 01:08:40'),
       (5, 1, 7, NULL, '2023-03-29 01:50:40'),
       (16, 2, 8, NULL, '2023-03-31 06:30:40'),
       (16, 6, 11, NULL, '2023-03-30 23:50:40'),
       (20, 26, 10, NULL, '2023-03-30 05:34:40'),
       (12, 35, 7, NULL, '2023-03-31 03:23:40'),
       (12, 37, 2, NULL, '2023-03-28 00:04:40'),
       (24, 18, 12, NULL, '2023-03-31 02:34:40'),
       (20, 5, 5, NULL, '2023-03-31 00:16:40'),
       (28, 31, 3, NULL, '2023-03-28 00:20:40'),
       (20, 30, 1, NULL, '2023-03-31 04:41:40'),
       (24, 34, 7, NULL, '2023-03-29 02:16:40'),
       (24, 29, 12, NULL, '2023-03-30 03:53:40'),
       (5, 5, 11, NULL, '2023-03-29 06:19:40'),
       (28, 10, 11, NULL, '2023-03-28 06:16:40'),
       (16, 33, 10, NULL, '2023-03-31 06:15:40'),
       (12, 34, 3, NULL, '2023-03-28 04:09:40'),
       (5, 6, 8, NULL, '2023-03-29 02:18:40'),
       (24, 17, 15, NULL, '2023-03-31 02:22:40'),
       (12, 3, 7, NULL, '2023-03-31 01:54:40'),
       (24, 42, 7, NULL, '2023-03-29 07:20:40'),
       (12, 26, 5, NULL, '2023-03-28 02:20:40'),
       (16, 3, 14, NULL, '2023-03-28 05:34:40'),
       (16, 20, 15, NULL, '2023-03-29 05:01:40'),
       (12, 38, 11, NULL, '2023-03-29 07:20:40'),
       (12, 46, 10, NULL, '2023-03-30 06:13:40'),
       (5, 2, 14, NULL, '2023-03-30 04:28:40'),
       (5, 18, 7, NULL, '2023-03-31 03:01:40'),
       (12, 39, 7, NULL, '2023-03-29 07:42:40'),
       (28, 7, 2, NULL, '2023-03-29 02:51:40'),
       (24, 13, 6, NULL, '2023-03-29 04:12:40'),
       (20, 19, 1, NULL, '2023-03-31 03:16:40'),
       (24, 39, 1, NULL, '2023-03-30 07:20:40'),
       (12, 14, 14, NULL, '2023-03-29 00:18:40'),
       (5, 42, 2, NULL, '2023-03-30 03:12:40'),
       (16, 17, 14, NULL, '2023-03-30 07:26:40'),
       (5, 29, 11, NULL, '2023-03-30 02:40:40'),
       (28, 31, 15, NULL, '2023-03-29 03:20:40'),
       (5, 11, 11, NULL, '2023-03-30 02:52:40'),
       (5, 17, 13, NULL, '2023-03-28 05:52:40'),
       (16, 33, 12, NULL, '2023-03-31 01:50:40'),
       (20, 46, 8, NULL, '2023-03-30 02:40:40'),
       (12, 22, 1, NULL, '2023-03-28 00:09:40'),
       (20, 24, 13, NULL, '2023-03-28 07:38:40'),
       (16, 10, 13, NULL, '2023-03-29 03:15:40'),
       (5, 31, 8, NULL, '2023-03-30 00:42:40'),
       (28, 22, 12, NULL, '2023-03-30 06:45:40'),
       (28, 11, 12, NULL, '2023-03-29 03:40:40'),
       (15, 31, 16, 1, '2023-03-31 00:25:40'),
       (27, 37, 16, 2, '2023-03-29 06:09:40'),
       (27, 4, 16, 3, '2023-03-29 02:25:40'),
       (19, 5, 16, 4, '2023-03-28 03:33:40'),
       (15, 33, 16, 5, '2023-03-29 04:43:40'),
       (8, 11, 16, 6, '2023-03-28 04:49:40'),
       (11, 12, 16, 7, '2023-03-30 07:07:40'),
       (3, 18, 17, 8, '2023-03-28 05:35:40'),
       (7, 1, 16, 9, '2023-03-28 07:47:40'),
       (11, 23, 16, 10, '2023-03-31 00:17:40'),
       (19, 44, 16, 20, '2023-03-31 04:43:40'),
       (23, 38, 17, 21, '2023-03-30 06:57:40'),
       (15, 18, 16, 22, '2023-03-30 05:43:40'),
       (19, 30, 16, 23, '2023-03-29 05:20:40'),
       (8, 23, 17, 24, '2023-03-31 06:13:40'),
       (7, 12, 16, 25, '2023-03-28 02:52:40'),
       (19, 6, 17, 26, '2023-03-31 07:15:40'),
       (27, 37, 17, 27, '2023-03-30 05:02:40'),
       (3, 14, 17, 28, '2023-03-30 05:19:40'),
       (3, 9, 17, 29, '2023-03-28 03:02:40'),
       (19, 33, 16, 30, '2023-03-31 04:51:40'),
       (7, 8, 16, 41, '2023-03-30 05:03:40'),
       (19, 4, 16, 42, '2023-03-29 07:21:40'),
       (23, 25, 16, 43, '2023-03-30 00:56:40'),
       (7, 3, 16, 44, '2023-03-30 01:49:40'),
       (3, 18, 16, 45, '2023-03-28 06:17:40'),
       (3, 23, 16, 46, '2023-03-30 00:33:40'),
       (3, 7, 16, 47, '2023-03-30 06:23:40'),
       (15, 34, 16, 48, '2023-03-28 01:11:40'),
       (11, 39, 16, 49, '2023-03-30 07:15:40'),
       (3, 34, 17, 50, '2023-03-30 00:40:40'),
       (19, 14, 17, 51, '2023-03-29 00:59:40'),
       (8, 45, 16, 52, '2023-03-30 03:20:40'),
       (15, 12, 16, 53, '2023-03-28 01:27:40'),
       (7, 14, 17, 54, '2023-03-30 01:37:40'),
       (7, 26, 16, 55, '2023-03-28 01:12:40'),
       (7, 42, 16, 56, '2023-03-29 04:53:40'),
       (19, 32, 17, 57, '2023-03-29 03:27:40'),
       (27, 11, 16, 58, '2023-03-28 00:07:40'),
       (15, 33, 17, 59, '2023-03-29 06:47:40'),
       (3, 10, 17, 60, '2023-03-31 04:24:40'),
       (3, 5, 16, 71, '2023-03-30 07:33:40'),
       (19, 41, 17, 72, '2023-03-28 07:31:40'),
       (15, 12, 17, 73, '2023-03-30 07:09:40'),
       (19, 37, 16, 74, '2023-03-31 01:07:40'),
       (3, 20, 16, 75, '2023-03-28 07:19:40'),
       (23, 9, 17, 76, '2023-03-28 02:22:40'),
       (23, 23, 17, 77, '2023-03-30 00:55:40'),
       (11, 6, 16, 78, '2023-03-30 07:00:40');
